event_id,registration_number,camera_id,location,timestamp,detected_vehicle_type,detected_colour,ocr_confidence,event_type
ANPR-000001,WB06J2192,CAM-MAD-01,Madurai,2026-09-22T09:44:00,Bike,Grey,0.936,NORMAL
ANPR-000002,TR01BG0365,CAM-CHE-04,Chennai,2026-09-22T09:06:00,Bike,White,0.954,NORMAL
ANPR-000003,AS01AM1419,CAM-CHE-02,Chennai,2026-09-22T16:47:00,Truck,White,0.897,NORMAL
ANPR-000004,HP40B8992,CAM-VEL-02,Vellore,2026-09-22T17:13:00,Car,Black,0.923,NORMAL
ANPR-000005,PB02CC7299,CAM-TRI-01,Trichy,2026-09-22T13:18:00,Car,White,0.923,NORMAL
ANPR-000006,MH12HN4507,CAM-VEL-01,Vellore,2026-09-22T09:57:00,Truck,Yellow,0.925,NORMAL
ANPR-000007,PB30L5010,CAM-COI-03,Coimbatore,2026-09-22T09:11:00,Truck,White,0.911,NORMAL
ANPR-000008,TS08FQ1262,CAM-SAL-01,Salem,2026-09-22T10:39:00,Car,Silver,0.9,NORMAL
ANPR-000009,TS36H6578,CAM-CHE-02,Chennai,2026-09-22T18:40:00,Bike,White,0.896,NORMAL
ANPR-000010,ML08C8061,CAM-COI-03,Coimbatore,2026-09-22T08:23:00,Bike,Yellow,0.891,NORMAL
ANPR-000011,TS18T3899,CAM-MAD-01,Madurai,2026-09-22T13:58:00,Bike,Black,0.886,NORMAL
ANPR-000012,ML05C5389,CAM-MAD-01,Madurai,2026-09-22T12:25:00,Bike,Yellow,0.97,NORMAL
ANPR-000013,HP3SG1539,CAM-MAD-02,Madurai,2026-09-22T08:09:00,Mini Truck,Black,0.945,NORMAL
ANPR-000014,ML05F9854,CAM-COI-03,Coimbatore,2026-09-22T09:35:00,Bus,Grey,0.898,NORMAL
ANPR-000015,AR01J0123,CAM-THA-01,Thanjavur,2026-09-22T08:33:00,Truck,Yellow,0.884,NORMAL
ANPR-000016,BR01AW1250,CAM-CHE-01,Chennai,2026-09-22T14:03:00,Truck,Grey,0.985,NORMAL
ANPR-000017,PB04S4253,CAM-SAL-03,Salem,2026-09-22T12:34:00,Truck,Silver,0.918,NORMAL
ANPR-000018,JK02BF5058,CAM-THA-01,Thanjavur,2026-09-22T19:35:00,Truck,White,0.884,NORMAL
ANPR-000019,PB04T0678,CAM-CHE-02,Chennai,2026-09-22T12:31:00,Truck,Yellow,0.929,NORMAL
ANPR-000020,ML05Q8790,CAM-VEL-04,Vellore,2026-09-22T15:14:00,Bike,Black,0.922,NORMAL
ANPR-000021,BR02AF7424,CAM-MAD-01,Madurai,2026-09-22T13:55:00,Car,Black,0.97,NORMAL
ANPR-000022,CG08K2057,CAM-TIR-04,Tirunelveli,2026-09-22T15:40:00,Truck,Black,0.987,NORMAL
ANPR-000023,AR169723,CAM-THA-03,Thanjavur,2026-09-22T17:24:00,Truck,White,0.91,NORMAL
ANPR-000024,KL41M93,CAM-TIR-01,Tirunelveli,2026-09-22T08:35:00,Car,Silver,0.905,NORMAL
ANPR-000025,DL12CL2555,CAM-MAD-04,Madurai,2026-09-22T11:53:00,Mini Truck,Yellow,0.963,NORMAL
ANPR-000026,JH01AR2011,CAM-CHE-03,Chennai,2026-09-22T14:29:00,Truck,Red,0.905,NORMAL
ANPR-000027,PY01CM9549,CAM-THA-03,Thanjavur,2026-09-22T19:57:00,Truck,Silver,0.977,NORMAL
ANPR-000028,DL4CAQ3231,CAM-SAL-04,Salem,2026-09-22T10:13:00,Bike,Black,0.914,NORMAL
ANPR-000029,JH08C0625,CAM-TRI-04,Trichy,2026-09-22T17:21:00,Truck,Yellow,0.956,NORMAL
ANPR-000030,CG251612,CAM-TRI-04,Trichy,2026-09-22T10:47:00,Mini Truck,Silver,0.95,NORMAL
ANPR-000031,PY01CV2447,CAM-SAL-03,Salem,2026-09-22T14:09:00,Mini Truck,Grey,0.958,NORMAL
ANPR-000032,CG07CA7784,CAM-COI-03,Coimbatore,2026-09-22T19:37:00,Bike,White,0.949,NORMAL
ANPR-000033,OR21E1033,CAM-TIR-03,Tirunelveli,2026-09-22T13:52:00,Bike,Yellow,0.969,NORMAL
ANPR-000034,AP310U7562,CAM-THA-03,Thanjavur,2026-09-22T12:33:00,Truck,Red,0.921,NORMAL
ANPR-000035,TN63BV7954,CAM-SAL-02,Salem,2026-09-22T15:41:00,Bike,Black,0.937,NORMAL
ANPR-000036,JK02BL1212,CAM-COI-01,Coimbatore,2026-09-22T14:44:00,Car,Yellow,0.929,NORMAL
ANPR-000037,TR01N0481,CAM-COI-04,Coimbatore,2026-09-22T17:10:00,Mini Truck,Blue,0.961,NORMAL
ANPR-000038,DL6CJ8404,CAM-TIR-04,Tirunelveli,2026-09-22T10:07:00,Truck,Black,0.883,NORMAL
ANPR-000039,CH01BQ5604,CAM-COI-03,Coimbatore,2026-09-22T13:03:00,Truck,Silver,0.915,NORMAL
ANPR-000040,AP39GR3492,CAM-COI-01,Coimbatore,2026-09-22T08:28:00,Mini Truck,Yellow,0.932,NORMAL
ANPR-000041,MN01G0297,CAM-COI-01,Coimbatore,2026-09-22T11:04:00,Truck,White,0.938,NORMAL
ANPR-000042,TR07D0569,CAM-TRI-03,Trichy,2026-09-22T16:17:00,Mini Truck,Red,0.884,NORMAL
ANPR-000043,HP12H7917,CAM-COI-04,Coimbatore,2026-09-22T11:48:00,Car,Yellow,0.903,NORMAL
ANPR-000044,UK06J3953,CAM-MAD-04,Madurai,2026-09-22T11:58:00,Mini Truck,Red,0.928,NORMAL
ANPR-000045,DN09J1548,CAM-TRI-02,Trichy,2026-09-22T15:20:00,Bike,Grey,0.97,NORMAL
ANPR-000046,JH10S5378,CAM-TIR-01,Tirunelveli,2026-09-22T13:03:00,Mini Truck,Grey,0.909,NORMAL
ANPR-000047,GJ18BK6705,CAM-SAL-01,Salem,2026-09-22T12:06:00,Truck,Silver,0.986,NORMAL
ANPR-000048,ML068346,CAM-MAD-02,Madurai,2026-09-22T10:32:00,Bus,Black,0.892,NORMAL
ANPR-000049,AS01AL3746,CAM-MAD-01,Madurai,2026-09-22T17:53:00,Truck,Silver,0.974,NORMAL
ANPR-000050,ML05F6894,CAM-MAD-04,Madurai,2026-09-22T19:26:00,Car,Silver,0.964,NORMAL
ANPR-000051,SK01PA4521,CAM-CHE-03,Chennai,2026-09-22T14:31:00,Car,White,0.981,NORMAL
ANPR-000052,UP14AF3804,CAM-COI-01,Coimbatore,2026-09-22T19:36:00,Car,Blue,0.988,NORMAL
ANPR-000053,UP11AY0646,CAM-VEL-01,Vellore,2026-09-22T14:03:00,Car,Yellow,0.971,NORMAL
ANPR-000054,AP07AD5555,CAM-MAD-04,Madurai,2026-09-22T17:14:00,Bike,Red,0.95,NORMAL
ANPR-000055,AR02A7116,CAM-COI-03,Coimbatore,2026-09-22T08:08:00,Truck,Black,0.926,NORMAL
ANPR-000056,WB02AH4655,CAM-TIR-04,Tirunelveli,2026-09-22T12:45:00,Bike,Grey,0.904,NORMAL
ANPR-000057,UP14AX9754,CAM-TRI-04,Trichy,2026-09-22T19:26:00,Bike,White,0.947,NORMAL
ANPR-000058,BR32PA6558,CAM-MAD-03,Madurai,2026-09-22T08:53:00,Truck,Black,0.91,NORMAL
ANPR-000059,PB10CK5005,CAM-SAL-02,Salem,2026-09-22T12:10:00,Car,Red,0.913,NORMAL
ANPR-000060,AP16DP7065,CAM-THA-01,Thanjavur,2026-09-22T10:48:00,Mini Truck,Grey,0.959,NORMAL
ANPR-000061,MP07CB8897,CAM-TRI-03,Trichy,2026-09-22T10:50:00,Truck,Yellow,0.978,NORMAL
ANPR-000062,MH12GR862,CAM-TIR-03,Tirunelveli,2026-09-22T15:04:00,Bus,Silver,0.888,NORMAL
ANPR-000063,JK03D7750,CAM-TIR-03,Tirunelveli,2026-09-22T16:33:00,Truck,Black,0.978,NORMAL
ANPR-000064,JH02AD2533,CAM-TRI-02,Trichy,2026-09-22T15:52:00,Truck,Grey,0.883,NORMAL
ANPR-000065,AR01C5723,CAM-VEL-02,Vellore,2026-09-22T08:07:00,Car,Red,0.921,NORMAL
ANPR-000066,CH01AL4920,CAM-TRI-03,Trichy,2026-09-22T11:07:00,Bus,Red,0.942,NORMAL
ANPR-000067,OR14U8730,CAM-MAD-01,Madurai,2026-09-22T16:54:00,Bike,Black,0.944,NORMAL
ANPR-000068,TR03F0375,CAM-MAD-02,Madurai,2026-09-22T10:13:00,Truck,Silver,0.985,NORMAL
ANPR-000069,TN02AU9295,CAM-MAD-03,Madurai,2026-09-22T10:29:00,Bus,Silver,0.976,NORMAL
ANPR-000070,AP31DF2833,CAM-VEL-03,Vellore,2026-09-22T19:38:00,Mini Truck,Red,0.893,NORMAL
ANPR-000071,DN0901438,CAM-COI-01,Coimbatore,2026-09-22T17:27:00,Mini Truck,Silver,0.965,NORMAL
ANPR-000072,JH05Y9636,CAM-SAL-04,Salem,2026-09-22T13:13:00,Truck,Blue,0.932,NORMAL
ANPR-000073,PY01CG2929,CAM-CHE-01,Chennai,2026-09-22T09:44:00,Mini Truck,Blue,0.895,NORMAL
ANPR-000074,BR01BE0777,CAM-TIR-03,Tirunelveli,2026-09-22T19:51:00,Bus,Red,0.98,NORMAL
ANPR-000075,CG04HV7009,CAM-VEL-03,Vellore,2026-09-22T12:51:00,Truck,Grey,0.897,NORMAL
ANPR-000076,HR26DJ8832,CAM-COI-03,Coimbatore,2026-09-22T11:52:00,Bike,White,0.977,NORMAL
ANPR-000077,PB10CQ0006,CAM-MAD-02,Madurai,2026-09-22T19:52:00,Bike,Silver,0.91,NORMAL
ANPR-000078,DL8CZ7230,CAM-TIR-03,Tirunelveli,2026-09-22T15:06:00,Bike,Yellow,0.918,NORMAL
ANPR-000079,CG04HC4887,CAM-MAD-03,Madurai,2026-09-22T16:28:00,Car,Black,0.934,NORMAL
ANPR-000080,GJ01RM3413,CAM-TRI-03,Trichy,2026-09-22T09:11:00,Truck,Yellow,0.932,NORMAL
ANPR-000081,AP5CG6320,CAM-MAD-03,Madurai,2026-09-22T08:14:00,Car,Blue,0.981,NORMAL
ANPR-000082,PY036993,CAM-VEL-03,Vellore,2026-09-22T13:57:00,Truck,White,0.896,NORMAL
ANPR-000083,PY05A8339,CAM-TIR-02,Tirunelveli,2026-09-22T16:37:00,Truck,Yellow,0.979,NORMAL
ANPR-000084,AS12S6951,CAM-TRI-04,Trichy,2026-09-22T08:58:00,Car,Black,0.899,NORMAL
ANPR-000085,WB02A03017,CAM-THA-04,Thanjavur,2026-09-22T10:16:00,Bus,White,0.962,NORMAL
ANPR-000086,HR26DM2296,CAM-VEL-04,Vellore,2026-09-22T13:32:00,Car,Grey,0.981,NORMAL
ANPR-000087,MH47N0712,CAM-CHE-02,Chennai,2026-09-22T18:32:00,Bike,Black,0.97,NORMAL
ANPR-000088,OD02C2836,CAM-THA-04,Thanjavur,2026-09-22T11:20:00,Bus,Yellow,0.894,NORMAL
ANPR-000089,JK03A8042,CAM-CHE-03,Chennai,2026-09-22T10:01:00,Truck,White,0.896,NORMAL
ANPR-000090,UP78ED0449,CAM-TRI-03,Trichy,2026-09-22T08:02:00,Car,Black,0.91,NORMAL
ANPR-000091,JH10BV1496,CAM-TIR-02,Tirunelveli,2026-09-22T18:05:00,Truck,Black,0.963,NORMAL
ANPR-000092,MH04HF5092,CAM-TIR-01,Tirunelveli,2026-09-22T08:56:00,Car,Blue,0.901,NORMAL
ANPR-000093,DL1CS8739,CAM-TIR-04,Tirunelveli,2026-09-22T14:35:00,Truck,Silver,0.987,NORMAL
ANPR-000094,HP23A6365,CAM-TIR-02,Tirunelveli,2026-09-22T15:03:00,Bike,Black,0.885,NORMAL
ANPR-000095,OD14B7432,CAM-COI-01,Coimbatore,2026-09-22T08:23:00,Mini Truck,Red,0.912,NORMAL
ANPR-000096,ML10B4503,CAM-COI-01,Coimbatore,2026-09-22T14:06:00,Car,Red,0.904,NORMAL
ANPR-000097,GA01E5947,CAM-COI-01,Coimbatore,2026-09-22T16:02:00,Truck,White,0.983,NORMAL
ANPR-000098,AP2D4014,CAM-CHE-03,Chennai,2026-09-22T11:27:00,Car,White,0.887,NORMAL
ANPR-000099,PB10EH0164,CAM-TIR-01,Tirunelveli,2026-09-22T14:15:00,Car,Black,0.92,NORMAL
ANPR-000100,ML1032811,CAM-THA-04,Thanjavur,2026-09-22T12:10:00,Car,Blue,0.9,NORMAL
ANPR-000101,GJ05JB6589,CAM-TRI-03,Trichy,2026-09-22T14:42:00,Truck,Red,0.936,NORMAL
ANPR-000102,JK13C4452,CAM-TRI-02,Trichy,2026-09-22T13:11:00,Car,Silver,0.945,NORMAL
ANPR-000103,JK127959,CAM-COI-02,Coimbatore,2026-09-22T08:40:00,Bike,Yellow,0.967,NORMAL
ANPR-000104,CG04H5060,CAM-COI-03,Coimbatore,2026-09-22T13:30:00,Bike,Black,0.95,NORMAL
ANPR-000105,WB06J9177,CAM-MAD-03,Madurai,2026-09-22T14:41:00,Bus,Red,0.94,NORMAL
ANPR-000106,KA28M3589,CAM-SAL-03,Salem,2026-09-22T08:33:00,Truck,Silver,0.89,NORMAL
ANPR-000107,TS08EZ9463,CAM-THA-03,Thanjavur,2026-09-22T19:05:00,Truck,Black,0.934,NORMAL
ANPR-000108,DL8CAU6883,CAM-TIR-03,Tirunelveli,2026-09-22T09:56:00,Truck,White,0.911,NORMAL
ANPR-000109,WB02W9S3S,CAM-TRI-03,Trichy,2026-09-22T15:50:00,Truck,White,0.882,NORMAL
ANPR-000110,HR56B2626,CAM-TIR-01,Tirunelveli,2026-09-22T16:01:00,Mini Truck,Black,0.959,NORMAL
ANPR-000111,KL0BBJ5001,CAM-THA-03,Thanjavur,2026-09-22T09:37:00,Mini Truck,Yellow,0.897,NORMAL
ANPR-000112,WB02X8795,CAM-MAD-03,Madurai,2026-09-22T11:50:00,Truck,Grey,0.881,NORMAL
ANPR-000113,AP16CH9545,CAM-THA-02,Thanjavur,2026-09-22T11:29:00,Mini Truck,White,0.971,NORMAL
ANPR-000114,AP39TP0211,CAM-CHE-03,Chennai,2026-09-22T09:14:00,Bike,Grey,0.933,NORMAL
ANPR-000115,AP04M7627,CAM-VEL-03,Vellore,2026-09-22T18:01:00,Truck,Grey,0.971,NORMAL
ANPR-000116,UP32EC5577,CAM-COI-01,Coimbatore,2026-09-22T17:53:00,Mini Truck,Blue,0.955,NORMAL
ANPR-000117,KL45C4411,CAM-TIR-04,Tirunelveli,2026-09-22T13:59:00,Car,Yellow,0.955,NORMAL
ANPR-000118,AS01AR1986,CAM-TRI-01,Trichy,2026-09-22T15:05:00,Car,Yellow,0.933,NORMAL
ANPR-000119,BR01BD5042,CAM-TRI-02,Trichy,2026-09-22T14:14:00,Bike,White,0.945,NORMAL
ANPR-000120,AP31BG7827,CAM-TIR-04,Tirunelveli,2026-09-22T15:21:00,Mini Truck,Grey,0.98,NORMAL
ANPR-000121,AS23H0770,CAM-THA-04,Thanjavur,2026-09-22T09:52:00,Mini Truck,Grey,0.971,NORMAL
ANPR-000122,AN01M4M,CAM-THA-04,Thanjavur,2026-09-22T12:59:00,Car,Yellow,0.912,NORMAL
ANPR-000123,WB08A4101,CAM-VEL-04,Vellore,2026-09-22T10:41:00,Truck,White,0.971,NORMAL
ANPR-000124,KA04MK312,CAM-TRI-02,Trichy,2026-09-22T12:24:00,Bike,Red,0.98,NORMAL
ANPR-000125,WB061061,CAM-TIR-02,Tirunelveli,2026-09-22T15:48:00,Bike,Black,0.914,NORMAL
ANPR-000126,AR048395,CAM-VEL-03,Vellore,2026-09-22T17:26:00,Truck,Blue,0.896,NORMAL
ANPR-000127,RJ23CB2272,CAM-COI-02,Coimbatore,2026-09-22T12:21:00,Car,White,0.961,NORMAL
ANPR-000128,MP45G0872,CAM-MAD-02,Madurai,2026-09-22T14:18:00,Truck,White,0.974,NORMAL
ANPR-000129,KL43G6619,CAM-TRI-03,Trichy,2026-09-22T09:55:00,Truck,Yellow,0.98,NORMAL
ANPR-000130,DL10C05520,CAM-MAD-01,Madurai,2026-09-22T09:15:00,Truck,Black,0.942,NORMAL
ANPR-000131,DN09H0968,CAM-THA-04,Thanjavur,2026-09-22T16:06:00,Truck,White,0.915,NORMAL
ANPR-000132,MH11CQ8516,CAM-TIR-04,Tirunelveli,2026-09-22T13:41:00,Truck,Grey,0.908,NORMAL
ANPR-000133,PB11BN6101,CAM-VEL-03,Vellore,2026-09-22T17:35:00,Bike,Silver,0.955,NORMAL
ANPR-000134,HP54C6564,CAM-MAD-01,Madurai,2026-09-22T15:10:00,Car,White,0.921,NORMAL
ANPR-000135,NL02C3947,CAM-THA-02,Thanjavur,2026-09-22T15:44:00,Bus,Black,0.945,NORMAL
ANPR-000136,KA38M8037,CAM-SAL-04,Salem,2026-09-22T10:36:00,Mini Truck,Red,0.883,NORMAL
ANPR-000137,DL10CA0986,CAM-TIR-01,Tirunelveli,2026-09-22T17:47:00,Car,Red,0.954,NORMAL
ANPR-000138,UK106679,CAM-COI-01,Coimbatore,2026-09-22T08:13:00,Bus,Yellow,0.978,NORMAL
ANPR-000139,JK09B7745,CAM-COI-02,Coimbatore,2026-09-22T09:28:00,Mini Truck,Grey,0.984,NORMAL
ANPR-000140,HR29R9466,CAM-MAD-02,Madurai,2026-09-22T09:03:00,Bus,Red,0.921,NORMAL
ANPR-000141,DL9CAP8884,CAM-TIR-01,Tirunelveli,2026-09-22T09:02:00,Bus,Black,0.969,NORMAL
ANPR-000142,PY01CE4149,CAM-THA-03,Thanjavur,2026-09-22T19:04:00,Truck,Black,0.958,NORMAL
ANPR-000143,UK185763,CAM-TIR-03,Tirunelveli,2026-09-22T10:54:00,Car,White,0.939,NORMAL
ANPR-000144,HP12H1324,CAM-SAL-04,Salem,2026-09-22T12:27:00,Mini Truck,White,0.949,NORMAL
ANPR-000145,CH01AZ2642,CAM-CHE-01,Chennai,2026-09-22T08:34:00,Car,Black,0.955,NORMAL
ANPR-000146,JH02AH0750,CAM-SAL-03,Salem,2026-09-22T10:51:00,Car,White,0.96,NORMAL
ANPR-000147,UK07055789,CAM-MAD-01,Madurai,2026-09-22T14:08:00,Car,Yellow,0.905,NORMAL
ANPR-000148,KA51ML4025,CAM-COI-03,Coimbatore,2026-09-22T15:43:00,Mini Truck,Yellow,0.928,NORMAL
ANPR-000149,WB02AJ4534,CAM-VEL-02,Vellore,2026-09-22T10:59:00,Truck,Black,0.898,NORMAL
ANPR-000150,AP31BR9501,CAM-CHE-02,Chennai,2026-09-22T17:50:00,Car,Silver,0.957,NORMAL
ANPR-000151,KA53P7604,CAM-COI-01,Coimbatore,2026-09-22T17:40:00,Bike,Black,0.961,NORMAL
ANPR-000152,GA03Y9512,CAM-MAD-03,Madurai,2026-09-22T14:25:00,Truck,Yellow,0.928,NORMAL
ANPR-000153,PB08DT7342,CAM-THA-01,Thanjavur,2026-09-22T16:03:00,Car,Grey,0.969,NORMAL
ANPR-000154,BR33M0001,CAM-SAL-03,Salem,2026-09-22T09:16:00,Car,Silver,0.979,NORMAL
ANPR-000155,SK01T3794,CAM-CHE-01,Chennai,2026-09-22T12:10:00,Car,Grey,0.944,NORMAL
ANPR-000156,ML04C4738,CAM-CHE-04,Chennai,2026-09-22T12:56:00,Truck,White,0.96,NORMAL
ANPR-000157,PB02DY7380,CAM-THA-01,Thanjavur,2026-09-22T08:49:00,Mini Truck,Red,0.894,NORMAL
ANPR-000158,TN69AJ4455,CAM-TRI-03,Trichy,2026-09-22T17:07:00,Car,Yellow,0.972,NORMAL
ANPR-000159,GJ01KC9959,CAM-TIR-04,Tirunelveli,2026-09-22T12:14:00,Truck,Black,0.899,NORMAL
ANPR-000160,PB10EE0888,CAM-VEL-02,Vellore,2026-09-22T08:55:00,Car,Grey,0.98,NORMAL
ANPR-000161,BR01AZ6290,CAM-COI-04,Coimbatore,2026-09-22T16:38:00,Car,White,0.899,NORMAL
ANPR-000162,ML137827,CAM-TIR-03,Tirunelveli,2026-09-22T08:00:00,Car,Grey,0.904,NORMAL
ANPR-000163,TR05B0308,CAM-CHE-02,Chennai,2026-09-22T11:34:00,Truck,Black,0.985,NORMAL
ANPR-000164,HP64B3380,CAM-COI-02,Coimbatore,2026-09-22T15:32:00,Bike,Black,0.91,NORMAL
ANPR-000165,WB171717,CAM-TIR-02,Tirunelveli,2026-09-22T14:01:00,Bike,Red,0.964,NORMAL
ANPR-000166,UP78DB3730,CAM-MAD-03,Madurai,2026-09-22T08:15:00,Truck,Blue,0.967,NORMAL
ANPR-000167,GA02J2129,CAM-COI-03,Coimbatore,2026-09-22T16:06:00,Truck,Yellow,0.934,NORMAL
ANPR-000168,AP31BL2833,CAM-THA-03,Thanjavur,2026-09-22T10:43:00,Truck,Blue,0.947,NORMAL
ANPR-000169,AN01P9687,CAM-CHE-01,Chennai,2026-09-22T10:16:00,Mini Truck,Silver,0.969,NORMAL
ANPR-000170,AS01BS4362,CAM-TRI-03,Trichy,2026-09-22T17:42:00,Truck,Yellow,0.938,NORMAL
ANPR-000171,HP12C3766,CAM-THA-03,Thanjavur,2026-09-22T13:47:00,Mini Truck,Grey,0.95,NORMAL
ANPR-000172,DL3CCK8019,CAM-MAD-01,Madurai,2026-09-22T19:42:00,Truck,White,0.889,NORMAL
ANPR-000173,ML064696,CAM-VEL-04,Vellore,2026-09-22T11:58:00,Car,Blue,0.954,NORMAL
ANPR-000174,CG07MA7848,CAM-VEL-03,Vellore,2026-09-22T13:33:00,Bus,Grey,0.965,NORMAL
ANPR-000175,SK01PA5349,CAM-THA-02,Thanjavur,2026-09-22T08:56:00,Truck,Blue,0.887,NORMAL
ANPR-000176,DL1CT2782,CAM-VEL-01,Vellore,2026-09-22T12:16:00,Truck,White,0.967,NORMAL
ANPR-000177,ML05J8950,CAM-MAD-03,Madurai,2026-09-22T09:55:00,Car,Grey,0.911,NORMAL
ANPR-000178,ML05G3474,CAM-VEL-01,Vellore,2026-09-22T15:03:00,Mini Truck,Black,0.941,NORMAL
ANPR-000179,MZ01G9825,CAM-VEL-02,Vellore,2026-09-22T18:44:00,Mini Truck,White,0.963,NORMAL
ANPR-000180,KA19MF1763,CAM-THA-04,Thanjavur,2026-09-22T14:51:00,Mini Truck,Black,0.898,NORMAL
ANPR-000181,DL40NA7238,CAM-TIR-04,Tirunelveli,2026-09-22T09:54:00,Truck,Yellow,0.956,NORMAL
ANPR-000182,AS06Z0841,CAM-VEL-02,Vellore,2026-09-22T10:33:00,Bus,Silver,0.98,NORMAL
ANPR-000183,HR26CC7676,CAM-CHE-02,Chennai,2026-09-22T15:48:00,Truck,Grey,0.886,NORMAL
ANPR-000184,GJ18BD5216,CAM-COI-03,Coimbatore,2026-09-22T14:47:00,Truck,Black,0.976,NORMAL
ANPR-000185,UP32KW7325,CAM-THA-01,Thanjavur,2026-09-22T10:39:00,Mini Truck,Red,0.982,NORMAL
ANPR-000186,DL9CAV1739,CAM-CHE-02,Chennai,2026-09-22T14:34:00,Car,White,0.958,NORMAL
ANPR-000187,WB06J4432,CAM-COI-01,Coimbatore,2026-09-22T10:07:00,Truck,Grey,0.941,NORMAL
ANPR-000188,JH01AM0100,CAM-COI-01,Coimbatore,2026-09-22T13:54:00,Bike,Red,0.907,NORMAL
ANPR-000189,JK01AF0310,CAM-THA-02,Thanjavur,2026-09-22T08:51:00,Mini Truck,Blue,0.937,NORMAL
ANPR-000190,HP36E3330,CAM-VEL-04,Vellore,2026-09-22T18:25:00,Bus,Grey,0.885,NORMAL
ANPR-000191,GJ23CC8798,CAM-COI-04,Coimbatore,2026-09-22T14:02:00,Bus,White,0.973,NORMAL
ANPR-000192,PY01AH9067,CAM-CHE-03,Chennai,2026-09-22T19:40:00,Car,Blue,0.97,NORMAL
ANPR-000193,OR05AC0422,CAM-TRI-04,Trichy,2026-09-22T10:02:00,Mini Truck,Grey,0.949,NORMAL
ANPR-000194,SK05T0338,CAM-CHE-04,Chennai,2026-09-22T18:27:00,Bus,Black,0.927,NORMAL
ANPR-000195,OD14E3131,CAM-TIR-02,Tirunelveli,2026-09-22T13:49:00,Truck,Blue,0.977,NORMAL
ANPR-000196,PB07BY3563,CAM-CHE-04,Chennai,2026-09-22T08:17:00,Bus,Red,0.959,NORMAL
ANPR-000197,BR44E1206,CAM-TRI-01,Trichy,2026-09-22T18:25:00,Bus,Grey,0.988,NORMAL
ANPR-000198,TS09UA7948,CAM-CHE-03,Chennai,2026-09-22T18:29:00,Truck,Grey,0.989,NORMAL
ANPR-000199,JK11B4928,CAM-VEL-03,Vellore,2026-09-22T10:13:00,Bike,White,0.891,NORMAL
ANPR-000200,KL16U8863,CAM-THA-04,Thanjavur,2026-09-22T10:24:00,Mini Truck,Grey,0.91,NORMAL
ANPR-000201,HR01W0080,CAM-TIR-04,Tirunelveli,2026-09-22T13:20:00,Mini Truck,Grey,0.914,NORMAL
ANPR-000202,ML10C2674,CAM-MAD-03,Madurai,2026-09-22T16:25:00,Car,Red,0.941,NORMAL
ANPR-000203,WB26K2760,CAM-MAD-01,Madurai,2026-09-22T12:01:00,Bike,Black,0.907,NORMAL
ANPR-000204,SK01PB5004,CAM-TRI-03,Trichy,2026-09-22T11:11:00,Truck,Silver,0.927,NORMAL
ANPR-000205,PB10DV5354,CAM-COI-02,Coimbatore,2026-09-22T08:35:00,Truck,Red,0.941,NORMAL
ANPR-000206,UP79L0567,CAM-TIR-03,Tirunelveli,2026-09-22T15:40:00,Truck,Blue,0.972,NORMAL
ANPR-000207,TR01AS0609,CAM-TIR-03,Tirunelveli,2026-09-22T20:00:00,Truck,Grey,0.949,NORMAL
ANPR-000208,ML05K9494,CAM-CHE-01,Chennai,2026-09-22T10:22:00,Truck,Yellow,0.971,NORMAL
ANPR-000209,KA05MF1762,CAM-MAD-04,Madurai,2026-09-22T09:53:00,Truck,Red,0.959,NORMAL
ANPR-000210,MH12HF5057,CAM-TRI-01,Trichy,2026-09-22T10:51:00,Bus,Yellow,0.96,NORMAL
ANPR-000211,GA06E3855,CAM-CHE-02,Chennai,2026-09-22T16:02:00,Truck,White,0.89,NORMAL
ANPR-000212,AP31TV7236,CAM-VEL-01,Vellore,2026-09-22T11:36:00,Bike,Blue,0.883,NORMAL
ANPR-000213,AR118724,CAM-TIR-02,Tirunelveli,2026-09-22T11:26:00,Bus,Yellow,0.952,NORMAL
ANPR-000214,WB12AX2987,CAM-COI-04,Coimbatore,2026-09-22T19:57:00,Mini Truck,Black,0.942,NORMAL
ANPR-000215,GA01R6315,CAM-COI-02,Coimbatore,2026-09-22T08:42:00,Truck,Black,0.882,NORMAL
ANPR-000216,GJ34B9811,CAM-TRI-01,Trichy,2026-09-22T09:33:00,Truck,White,0.931,NORMAL
ANPR-000217,JK02AG2454,CAM-SAL-04,Salem,2026-09-22T17:26:00,Truck,White,0.902,NORMAL
ANPR-000218,TS09EZ9296,CAM-CHE-04,Chennai,2026-09-22T09:22:00,Bus,White,0.986,NORMAL
ANPR-000219,UP32CX3400,CAM-SAL-04,Salem,2026-09-22T17:44:00,Mini Truck,Silver,0.923,NORMAL
ANPR-000220,HR4281329,CAM-SAL-01,Salem,2026-09-22T18:29:00,Bike,Blue,0.968,NORMAL
ANPR-000221,TS21J8351,CAM-TRI-04,Trichy,2026-09-22T11:04:00,Bus,Red,0.88,NORMAL
ANPR-000222,MH36H5700,CAM-MAD-04,Madurai,2026-09-22T17:49:00,Bike,Black,0.896,NORMAL
ANPR-000223,GJ06JE4788,CAM-TIR-04,Tirunelveli,2026-09-22T19:18:00,Truck,Grey,0.892,NORMAL
ANPR-000224,PY02S9326,CAM-CHE-04,Chennai,2026-09-22T14:25:00,Car,Grey,0.944,NORMAL
ANPR-000225,MP07CA5563,CAM-COI-02,Coimbatore,2026-09-22T09:46:00,Mini Truck,Yellow,0.908,NORMAL
ANPR-000226,JK02BJ4045,CAM-TIR-01,Tirunelveli,2026-09-22T09:20:00,Truck,Silver,0.938,NORMAL
ANPR-000227,PB11BG7347,CAM-TRI-04,Trichy,2026-09-22T17:57:00,Mini Truck,Blue,0.985,NORMAL
ANPR-000228,TN19Q0835,CAM-COI-04,Coimbatore,2026-09-22T19:23:00,Truck,Red,0.937,NORMAL
ANPR-000229,UP57H8173,CAM-MAD-03,Madurai,2026-09-22T10:22:00,Bike,Yellow,0.895,NORMAL
ANPR-000230,GA07K7150,CAM-CHE-01,Chennai,2026-09-22T18:51:00,Mini Truck,Black,0.897,NORMAL
ANPR-000231,GJ06DQ3712,CAM-THA-04,Thanjavur,2026-09-22T18:26:00,Truck,Silver,0.964,NORMAL
ANPR-000232,GJ06DG9355,CAM-TIR-02,Tirunelveli,2026-09-22T14:18:00,Truck,Red,0.985,NORMAL
ANPR-000233,JK02BJ7997,CAM-VEL-02,Vellore,2026-09-22T10:44:00,Car,Black,0.886,NORMAL
ANPR-000234,AS23H2866,CAM-VEL-04,Vellore,2026-09-22T19:56:00,Mini Truck,Black,0.99,NORMAL
ANPR-000235,WB02AA5580,CAM-VEL-02,Vellore,2026-09-22T12:07:00,Mini Truck,Black,0.897,NORMAL
ANPR-000236,CG22AB1111,CAM-CHE-02,Chennai,2026-09-22T17:52:00,Car,White,0.973,NORMAL
ANPR-000237,MH12KN8366,CAM-MAD-03,Madurai,2026-09-22T13:33:00,Bike,Blue,0.952,NORMAL
ANPR-000238,AS04X2780,CAM-THA-01,Thanjavur,2026-09-22T10:09:00,Truck,Grey,0.972,NORMAL
ANPR-000239,GJ06PA0097,CAM-CHE-02,Chennai,2026-09-22T15:13:00,Mini Truck,Red,0.941,NORMAL
ANPR-000240,AP39JJ5441,CAM-TRI-03,Trichy,2026-09-22T12:50:00,Bike,Grey,0.914,NORMAL
ANPR-000241,GA05B5077,CAM-TIR-02,Tirunelveli,2026-09-22T13:31:00,Car,Red,0.915,NORMAL
ANPR-000242,JH01Z3792,CAM-MAD-04,Madurai,2026-09-22T12:58:00,Mini Truck,Red,0.988,NORMAL
ANPR-000243,GA07K6090,CAM-COI-02,Coimbatore,2026-09-22T13:32:00,Truck,Silver,0.918,NORMAL
ANPR-000244,JH01DB1881,CAM-CHE-02,Chennai,2026-09-22T08:57:00,Truck,Red,0.946,NORMAL
ANPR-000245,ML04C0056,CAM-MAD-01,Madurai,2026-09-22T14:38:00,Mini Truck,Silver,0.976,NORMAL
ANPR-000246,AP31DA0020,CAM-CHE-01,Chennai,2026-09-22T17:59:00,Truck,Silver,0.968,NORMAL
ANPR-000247,MH49AS5099,CAM-MAD-03,Madurai,2026-09-22T08:00:00,Car,Yellow,0.943,NORMAL
ANPR-000248,KA03NC7167,CAM-CHE-03,Chennai,2026-09-22T11:01:00,Bike,Blue,0.915,NORMAL
ANPR-000249,HR26BY4812,CAM-SAL-03,Salem,2026-09-22T14:15:00,Truck,Black,0.923,NORMAL
ANPR-000250,ML05L5154,CAM-TRI-02,Trichy,2026-09-22T16:30:00,Car,Silver,0.979,NORMAL
ANPR-000251,TR01X0482,CAM-SAL-01,Salem,2026-09-22T17:33:00,Truck,Blue,0.965,NORMAL
ANPR-000252,HR20X8432,CAM-SAL-01,Salem,2026-09-22T14:50:00,Truck,Black,0.978,NORMAL
ANPR-000253,DN09D2724,CAM-COI-04,Coimbatore,2026-09-22T09:53:00,Car,Blue,0.894,NORMAL
ANPR-000254,PB08C03690,CAM-TRI-01,Trichy,2026-09-22T10:49:00,Truck,Blue,0.95,NORMAL
ANPR-000255,CG12AG1130,CAM-TIR-03,Tirunelveli,2026-09-22T17:21:00,Bike,Silver,0.979,NORMAL
ANPR-000256,ML05D0571,CAM-MAD-04,Madurai,2026-09-22T17:12:00,Truck,Red,0.892,NORMAL
ANPR-000257,HR71F9259,CAM-SAL-03,Salem,2026-09-22T10:20:00,Bus,Red,0.972,NORMAL
ANPR-000258,OD02L4656,CAM-TIR-02,Tirunelveli,2026-09-22T14:49:00,Mini Truck,Yellow,0.892,NORMAL
ANPR-000259,HR29AS0015,CAM-THA-01,Thanjavur,2026-09-22T16:53:00,Truck,Red,0.963,NORMAL
ANPR-000260,JK05H3594,CAM-TRI-01,Trichy,2026-09-22T19:33:00,Truck,Black,0.941,NORMAL
ANPR-000261,AP04BA4464,CAM-SAL-02,Salem,2026-09-22T11:20:00,Bike,Silver,0.936,NORMAL
ANPR-000262,AR08983,CAM-TIR-03,Tirunelveli,2026-09-22T13:14:00,Truck,Grey,0.902,NORMAL
ANPR-000263,HP24C8D32,CAM-VEL-02,Vellore,2026-09-22T16:12:00,Car,Silver,0.907,NORMAL
ANPR-000264,AP05BY7799,CAM-SAL-02,Salem,2026-09-22T12:31:00,Truck,Yellow,0.981,NORMAL
ANPR-000265,HR51BU8218,CAM-VEL-04,Vellore,2026-09-22T12:52:00,Mini Truck,Silver,0.898,NORMAL
ANPR-000266,PY02S7828,CAM-VEL-01,Vellore,2026-09-22T16:31:00,Mini Truck,Black,0.917,NORMAL
ANPR-000267,UP52AH9705,CAM-COI-04,Coimbatore,2026-09-22T14:27:00,Bike,Yellow,0.941,NORMAL
ANPR-000268,DN09H2191,CAM-TIR-01,Tirunelveli,2026-09-22T15:51:00,Truck,Yellow,0.908,NORMAL
ANPR-000269,SK01T3835,CAM-MAD-04,Madurai,2026-09-22T10:39:00,Truck,Blue,0.963,NORMAL
ANPR-000270,ML133317,CAM-MAD-02,Madurai,2026-09-22T12:53:00,Mini Truck,Black,0.925,NORMAL
ANPR-000271,TS13EK6213,CAM-TIR-01,Tirunelveli,2026-09-22T15:44:00,Car,Red,0.881,NORMAL
ANPR-000272,JK10A5217,CAM-MAD-01,Madurai,2026-09-22T14:29:00,Bike,Yellow,0.95,NORMAL
ANPR-000273,DL9CAU4743,CAM-THA-01,Thanjavur,2026-09-22T09:36:00,Truck,Blue,0.932,NORMAL
ANPR-000274,PB35F9333,CAM-CHE-03,Chennai,2026-09-22T13:50:00,Bus,Silver,0.935,NORMAL
ANPR-000275,DN0909704,CAM-CHE-03,Chennai,2026-09-22T18:52:00,Truck,Yellow,0.977,NORMAL
ANPR-000276,CG09JA2359,CAM-CHE-01,Chennai,2026-09-22T10:48:00,Mini Truck,Black,0.956,NORMAL
ANPR-000277,KL02AF6723,CAM-VEL-01,Vellore,2026-09-22T08:24:00,Mini Truck,Red,0.893,NORMAL
ANPR-000278,KL46R3613,CAM-CHE-04,Chennai,2026-09-22T11:37:00,Mini Truck,White,0.894,NORMAL
ANPR-000279,RJ20UB0137,CAM-TRI-04,Trichy,2026-09-22T08:10:00,Car,Grey,0.949,NORMAL
ANPR-000280,HR09G8378,CAM-TRI-01,Trichy,2026-09-22T12:56:00,Truck,Grey,0.955,NORMAL
ANPR-000281,HP52B5958,CAM-SAL-02,Salem,2026-09-22T08:13:00,Car,Yellow,0.941,NORMAL
ANPR-000282,AS01AT8119,CAM-THA-04,Thanjavur,2026-09-22T15:08:00,Car,Black,0.949,NORMAL
ANPR-000283,DL4CNA7231,CAM-VEL-03,Vellore,2026-09-22T14:07:00,Bus,Silver,0.949,NORMAL
ANPR-000284,JK02CC0447,CAM-VEL-01,Vellore,2026-09-22T08:25:00,Bike,Grey,0.888,NORMAL
ANPR-000285,DL11CA4900,CAM-TRI-02,Trichy,2026-09-22T17:02:00,Mini Truck,Yellow,0.921,NORMAL
ANPR-000286,JK10A4638,CAM-COI-01,Coimbatore,2026-09-22T11:06:00,Bike,Yellow,0.923,NORMAL
ANPR-000287,DL3CBS5881,CAM-MAD-02,Madurai,2026-09-22T08:21:00,Truck,Red,0.982,NORMAL
ANPR-000288,WB02M8447,CAM-VEL-04,Vellore,2026-09-22T15:37:00,Mini Truck,Black,0.968,NORMAL
ANPR-000289,KL34A7564,CAM-CHE-02,Chennai,2026-09-22T14:22:00,Truck,Blue,0.929,NORMAL
ANPR-000290,TN47T4464,CAM-MAD-02,Madurai,2026-09-22T16:07:00,Bike,White,0.957,NORMAL
ANPR-000291,JH01BX0013,CAM-MAD-01,Madurai,2026-09-22T12:39:00,Car,Silver,0.963,NORMAL
ANPR-000292,ML05J3288,CAM-TRI-01,Trichy,2026-09-22T11:38:00,Truck,Grey,0.949,NORMAL
ANPR-000293,PB65AN2583,CAM-MAD-04,Madurai,2026-09-22T17:27:00,Car,Black,0.94,NORMAL
ANPR-000294,CG07R2684,CAM-SAL-03,Salem,2026-09-22T11:14:00,Bus,Silver,0.971,NORMAL
ANPR-000295,AS01AN8668,CAM-TIR-01,Tirunelveli,2026-09-22T17:47:00,Mini Truck,Red,0.934,NORMAL
ANPR-000296,ML05H1958,CAM-CHE-04,Chennai,2026-09-22T10:44:00,Truck,Blue,0.897,NORMAL
ANPR-000297,JK11D8143,CAM-COI-01,Coimbatore,2026-09-22T19:07:00,Car,Grey,0.966,NORMAL
ANPR-000298,OD22J9911,CAM-CHE-01,Chennai,2026-09-22T10:23:00,Truck,White,0.957,NORMAL
ANPR-000299,SK04P1320,CAM-TIR-04,Tirunelveli,2026-09-22T08:06:00,Truck,Grey,0.915,NORMAL
ANPR-000300,CG04HD6930,CAM-CHE-04,Chennai,2026-09-22T19:34:00,Bike,White,0.905,NORMAL
ANPR-000301,UP85BN4203,CAM-SAL-01,Salem,2026-09-22T14:39:00,Bike,Yellow,0.904,NORMAL
ANPR-000302,KA51P7755,CAM-TIR-03,Tirunelveli,2026-09-22T09:44:00,Bike,Yellow,0.963,NORMAL
ANPR-000303,SK01PB3596,CAM-THA-02,Thanjavur,2026-09-22T10:41:00,Car,Red,0.981,NORMAL
ANPR-000304,OD02J0435,CAM-VEL-04,Vellore,2026-09-22T08:44:00,Truck,White,0.919,NORMAL
ANPR-000305,ML05H6564,CAM-CHE-02,Chennai,2026-09-22T15:24:00,Truck,Blue,0.933,NORMAL
ANPR-000306,HR29K7840,CAM-VEL-04,Vellore,2026-09-22T14:02:00,Truck,Grey,0.943,NORMAL
ANPR-000307,WB36G6682,CAM-TIR-01,Tirunelveli,2026-09-22T13:15:00,Mini Truck,Black,0.922,NORMAL
ANPR-000308,AS06U1295,CAM-VEL-04,Vellore,2026-09-22T10:06:00,Truck,Black,0.968,NORMAL
ANPR-000309,KL03S6394,CAM-MAD-02,Madurai,2026-09-22T14:11:00,Truck,Blue,0.968,NORMAL
ANPR-000310,AN01D4163,CAM-VEL-02,Vellore,2026-09-22T17:35:00,Mini Truck,White,0.903,NORMAL
ANPR-000311,CG04FJ5834,CAM-CHE-01,Chennai,2026-09-22T14:12:00,Bus,Yellow,0.923,NORMAL
ANPR-000312,HR29AQ4939,CAM-THA-01,Thanjavur,2026-09-22T10:42:00,Car,Black,0.92,NORMAL
ANPR-000313,UK07AM5665,CAM-CHE-01,Chennai,2026-09-22T13:04:00,Bus,Blue,0.972,NORMAL
ANPR-000314,ML08E9223,CAM-VEL-04,Vellore,2026-09-22T15:08:00,Car,Black,0.926,NORMAL
ANPR-000315,UP70ET7816,CAM-TIR-02,Tirunelveli,2026-09-22T17:40:00,Truck,Silver,0.95,NORMAL
ANPR-000316,PB13AF6756,CAM-COI-02,Coimbatore,2026-09-22T11:57:00,Truck,Red,0.947,NORMAL
ANPR-000317,OD25F7400,CAM-THA-02,Thanjavur,2026-09-22T09:04:00,Bike,Red,0.911,NORMAL
ANPR-000318,MH48AC6244,CAM-THA-01,Thanjavur,2026-09-22T10:13:00,Bus,Blue,0.886,NORMAL
ANPR-000319,NL07T0937,CAM-TRI-01,Trichy,2026-09-22T12:44:00,Car,Red,0.965,NORMAL
ANPR-000320,ML111909,CAM-TRI-01,Trichy,2026-09-22T15:53:00,Bike,Yellow,0.938,NORMAL
ANPR-000321,KA51D9662,CAM-TIR-01,Tirunelveli,2026-09-22T11:15:00,Truck,Blue,0.947,NORMAL
ANPR-000322,KL07BU7707,CAM-TIR-01,Tirunelveli,2026-09-22T19:23:00,Mini Truck,Black,0.936,NORMAL
ANPR-000323,MH04DR8508,CAM-TIR-02,Tirunelveli,2026-09-22T10:25:00,Car,Silver,0.978,NORMAL
ANPR-000324,JH09AA2570,CAM-COI-04,Coimbatore,2026-09-22T18:33:00,Truck,Black,0.973,NORMAL
ANPR-000325,AS06Q4437,CAM-THA-03,Thanjavur,2026-09-22T18:28:00,Bike,Silver,0.971,NORMAL
ANPR-000326,PB06AN6162,CAM-MAD-01,Madurai,2026-09-22T10:32:00,Car,Red,0.886,NORMAL
ANPR-000327,AP31TP2282,CAM-TRI-04,Trichy,2026-09-22T14:35:00,Car,Red,0.977,NORMAL
ANPR-000328,PB08BF6160,CAM-CHE-03,Chennai,2026-09-22T12:14:00,Mini Truck,Black,0.938,NORMAL
ANPR-000329,UP16U3849,CAM-THA-02,Thanjavur,2026-09-22T18:17:00,Bus,Red,0.93,NORMAL
ANPR-000330,DL12CK8643,CAM-CHE-04,Chennai,2026-09-22T17:30:00,Mini Truck,White,0.983,NORMAL
ANPR-000331,TN07BT5778,CAM-COI-01,Coimbatore,2026-09-22T13:34:00,Truck,Black,0.98,NORMAL
ANPR-000332,DL10CH1252,CAM-TIR-01,Tirunelveli,2026-09-22T11:28:00,Truck,Grey,0.961,NORMAL
ANPR-000333,HP48B2252,CAM-THA-01,Thanjavur,2026-09-22T19:44:00,Truck,White,0.941,NORMAL
ANPR-000334,ML05G6098,CAM-TIR-02,Tirunelveli,2026-09-22T10:14:00,Car,Silver,0.894,NORMAL
ANPR-000335,GJ09AG8384,CAM-THA-04,Thanjavur,2026-09-22T12:18:00,Mini Truck,Blue,0.901,NORMAL
ANPR-000336,HP20E3953,CAM-MAD-01,Madurai,2026-09-22T19:35:00,Car,Blue,0.897,NORMAL
ANPR-000337,MP04CL3546,CAM-COI-01,Coimbatore,2026-09-22T17:54:00,Bike,Red,0.981,NORMAL
ANPR-000338,AP16BS4500,CAM-SAL-03,Salem,2026-09-22T15:26:00,Bike,Blue,0.894,NORMAL
ANPR-000339,CG13AE4060,CAM-VEL-04,Vellore,2026-09-22T19:24:00,Truck,Red,0.884,NORMAL
ANPR-000340,GJ05RE8119,CAM-TRI-02,Trichy,2026-09-22T18:55:00,Truck,Black,0.906,NORMAL
ANPR-000341,OD01Q4668,CAM-SAL-01,Salem,2026-09-22T09:28:00,Bus,Blue,0.978,NORMAL
ANPR-000342,UP32BF3577,CAM-CHE-04,Chennai,2026-09-22T09:20:00,Truck,Black,0.934,NORMAL
ANPR-000343,AP04AS8753,CAM-CHE-01,Chennai,2026-09-22T11:19:00,Mini Truck,Black,0.9,NORMAL
ANPR-000344,DN09C0868,CAM-CHE-01,Chennai,2026-09-22T09:57:00,Truck,Yellow,0.883,NORMAL
ANPR-000345,UP16AJ0704,CAM-THA-02,Thanjavur,2026-09-22T10:31:00,Bike,Red,0.88,NORMAL
ANPR-000346,MP09BD1270,CAM-THA-01,Thanjavur,2026-09-22T09:11:00,Bike,Grey,0.96,NORMAL
ANPR-000347,GJ06HS1855,CAM-VEL-02,Vellore,2026-09-22T18:03:00,Truck,White,0.962,NORMAL
ANPR-000348,JK02ACB876,CAM-TIR-04,Tirunelveli,2026-09-22T16:35:00,Truck,White,0.919,NORMAL
ANPR-000349,HP01A7630,CAM-CHE-03,Chennai,2026-09-22T08:48:00,Mini Truck,Black,0.983,NORMAL
ANPR-000350,TS07EL3335,CAM-SAL-04,Salem,2026-09-22T12:52:00,Truck,Red,0.971,NORMAL
ANPR-000351,HR26BQ8176,CAM-MAD-01,Madurai,2026-09-22T09:47:00,Truck,Blue,0.888,NORMAL
ANPR-000352,HP666807,CAM-TIR-04,Tirunelveli,2026-09-22T09:21:00,Truck,Black,0.962,NORMAL
ANPR-000353,HP22E8000,CAM-MAD-02,Madurai,2026-09-22T08:30:00,Truck,Blue,0.987,NORMAL
ANPR-000354,SK01PA2969,CAM-TRI-04,Trichy,2026-09-22T14:20:00,Truck,Blue,0.99,NORMAL
ANPR-000355,GJ01RA8370,CAM-CHE-04,Chennai,2026-09-22T19:00:00,Truck,Grey,0.908,NORMAL
ANPR-000356,ML04B8389,CAM-COI-01,Coimbatore,2026-09-22T17:20:00,Truck,Yellow,0.908,NORMAL
ANPR-000357,HR10AE9885,CAM-VEL-02,Vellore,2026-09-22T15:01:00,Car,White,0.941,NORMAL
ANPR-000358,AS07AC6653,CAM-TIR-01,Tirunelveli,2026-09-22T13:55:00,Mini Truck,Silver,0.904,NORMAL
ANPR-000359,NL078440,CAM-CHE-04,Chennai,2026-09-22T13:52:00,Car,Blue,0.959,NORMAL
ANPR-000360,RJ14CW4115,CAM-TIR-01,Tirunelveli,2026-09-22T18:07:00,Car,White,0.963,NORMAL
ANPR-000361,UP14AK8604,CAM-SAL-01,Salem,2026-09-22T12:12:00,Truck,Silver,0.898,NORMAL
ANPR-000362,TR03H0259,CAM-TIR-03,Tirunelveli,2026-09-22T08:29:00,Truck,Red,0.91,NORMAL
ANPR-000363,JK02W2657,CAM-SAL-02,Salem,2026-09-22T09:00:00,Mini Truck,Red,0.883,NORMAL
ANPR-000364,HP302165,CAM-TRI-01,Trichy,2026-09-22T16:07:00,Bike,Red,0.921,NORMAL
ANPR-000365,DL6CL0457,CAM-MAD-01,Madurai,2026-09-22T14:13:00,Bike,Blue,0.889,NORMAL
ANPR-000366,KA03MQ6984,CAM-TRI-04,Trichy,2026-09-22T17:46:00,Car,Blue,0.941,NORMAL
ANPR-000367,DN09J0032,CAM-TRI-04,Trichy,2026-09-22T16:33:00,Mini Truck,Yellow,0.881,NORMAL
ANPR-000368,PB07BL8058,CAM-SAL-03,Salem,2026-09-22T10:04:00,Car,Blue,0.976,NORMAL
ANPR-000369,RJ14CF5807,CAM-CHE-04,Chennai,2026-09-22T13:26:00,Bus,Grey,0.897,NORMAL
ANPR-000370,CG07BR3255,CAM-SAL-04,Salem,2026-09-22T15:09:00,Bike,Silver,0.899,NORMAL
ANPR-000371,BR01BR5435,CAM-MAD-03,Madurai,2026-09-22T18:59:00,Bus,Black,0.908,NORMAL
ANPR-000372,TR02L0569,CAM-COI-01,Coimbatore,2026-09-22T15:40:00,Truck,Blue,0.985,NORMAL
ANPR-000373,ML069642,CAM-THA-04,Thanjavur,2026-09-22T12:45:00,Mini Truck,Black,0.885,NORMAL
ANPR-000374,MH12FK1392,CAM-SAL-03,Salem,2026-09-22T18:57:00,Bus,White,0.962,NORMAL
ANPR-000375,UP32HY6077,CAM-MAD-02,Madurai,2026-09-22T10:55:00,Mini Truck,Yellow,0.887,NORMAL
ANPR-000376,AP10AS3445,CAM-THA-03,Thanjavur,2026-09-22T19:32:00,Truck,Grey,0.917,NORMAL
ANPR-000377,CG07MA2529,CAM-SAL-03,Salem,2026-09-22T13:04:00,Truck,Grey,0.926,NORMAL
ANPR-000378,OR02BV0701,CAM-TIR-01,Tirunelveli,2026-09-22T15:30:00,Mini Truck,Grey,0.886,NORMAL
ANPR-000379,JK01AF7715,CAM-THA-02,Thanjavur,2026-09-22T17:51:00,Truck,Red,0.985,NORMAL
ANPR-000380,NL02C6709,CAM-CHE-02,Chennai,2026-09-22T18:25:00,Car,Yellow,0.982,NORMAL
ANPR-000381,GJ16CH9827,CAM-VEL-04,Vellore,2026-09-22T13:12:00,Truck,Red,0.915,NORMAL
ANPR-000382,AS23E0596,CAM-TIR-04,Tirunelveli,2026-09-22T16:13:00,Truck,Silver,0.953,NORMAL
ANPR-000383,JK072483,CAM-SAL-01,Salem,2026-09-22T10:21:00,Mini Truck,Red,0.976,NORMAL
ANPR-000384,AS01DS7523,CAM-TIR-04,Tirunelveli,2026-09-22T15:22:00,Truck,Grey,0.937,NORMAL
ANPR-000385,PY01BD9020,CAM-COI-02,Coimbatore,2026-09-22T14:42:00,Truck,Grey,0.929,NORMAL
ANPR-000386,HR29W8286,CAM-SAL-02,Salem,2026-09-22T13:41:00,Bike,Yellow,0.969,NORMAL
ANPR-000387,MN01G5395,CAM-THA-01,Thanjavur,2026-09-22T13:31:00,Bike,Grey,0.964,NORMAL
ANPR-000388,KA25P5080,CAM-SAL-02,Salem,2026-09-22T17:58:00,Mini Truck,Silver,0.93,NORMAL
ANPR-000389,WB20H0271,CAM-COI-01,Coimbatore,2026-09-22T14:18:00,Truck,White,0.886,NORMAL
ANPR-000390,TS09EG6565,CAM-COI-01,Coimbatore,2026-09-22T14:17:00,Truck,Silver,0.946,NORMAL
ANPR-000391,JK10B2313,CAM-VEL-02,Vellore,2026-09-22T14:28:00,Truck,White,0.903,NORMAL
ANPR-000392,JK01M4723,CAM-TRI-02,Trichy,2026-09-22T08:30:00,Mini Truck,Yellow,0.885,NORMAL
ANPR-000393,AP318L4935,CAM-VEL-02,Vellore,2026-09-22T13:11:00,Mini Truck,Grey,0.916,NORMAL
ANPR-000394,PB10CX0209,CAM-TRI-02,Trichy,2026-09-22T14:40:00,Truck,Silver,0.949,NORMAL
ANPR-000395,AS25S6858,CAM-SAL-04,Salem,2026-09-22T19:03:00,Truck,Red,0.95,NORMAL
ANPR-000396,GJ12CG2526,CAM-SAL-01,Salem,2026-09-22T10:10:00,Truck,White,0.888,NORMAL
ANPR-000397,GJ01RS0198,CAM-THA-03,Thanjavur,2026-09-22T09:31:00,Mini Truck,Blue,0.889,NORMAL
ANPR-000398,ML08B1100,CAM-VEL-03,Vellore,2026-09-22T17:43:00,Bus,Black,0.966,NORMAL
ANPR-000399,RJ20CD5118,CAM-MAD-03,Madurai,2026-09-22T17:22:00,Car,Silver,0.937,NORMAL
ANPR-000400,HP01N0304,CAM-SAL-04,Salem,2026-09-22T15:59:00,Car,Grey,0.966,NORMAL
ANPR-000401,AP05DY3395,CAM-TRI-04,Trichy,2026-09-22T13:47:00,Car,White,0.884,NORMAL
ANPR-000402,HP16A2014,CAM-CHE-04,Chennai,2026-09-22T11:18:00,Truck,Yellow,0.964,NORMAL
ANPR-000403,MP65C0654,CAM-COI-02,Coimbatore,2026-09-22T13:46:00,Mini Truck,Red,0.96,NORMAL
ANPR-000404,MN06LA0861,CAM-MAD-02,Madurai,2026-09-22T17:53:00,Mini Truck,Red,0.901,NORMAL
ANPR-000405,MH12KY6921,CAM-SAL-01,Salem,2026-09-22T13:34:00,Bus,Silver,0.957,NORMAL
ANPR-000406,MH12MF6822,CAM-MAD-04,Madurai,2026-09-22T10:38:00,Truck,Red,0.893,NORMAL
ANPR-000407,AN01K9412,CAM-COI-04,Coimbatore,2026-09-22T10:34:00,Mini Truck,Yellow,0.895,NORMAL
ANPR-000408,DL9CAU5573,CAM-TRI-01,Trichy,2026-09-22T09:46:00,Truck,Blue,0.923,NORMAL
ANPR-000409,ML04B8918,CAM-SAL-01,Salem,2026-09-22T14:11:00,Mini Truck,Silver,0.884,NORMAL
ANPR-000410,MH12NJ5838,CAM-COI-03,Coimbatore,2026-09-22T14:10:00,Truck,Yellow,0.893,NORMAL
ANPR-000411,DL12CN8660,CAM-CHE-03,Chennai,2026-09-22T10:27:00,Car,Blue,0.89,NORMAL
ANPR-000412,HR51AQ0911,CAM-THA-04,Thanjavur,2026-09-22T11:24:00,Car,Blue,0.973,NORMAL
ANPR-000413,TN07AP0659,CAM-CHE-01,Chennai,2026-09-22T14:21:00,Bike,Blue,0.881,NORMAL
ANPR-000414,AP07AN3915,CAM-COI-01,Coimbatore,2026-09-22T18:57:00,Truck,Black,0.938,NORMAL
ANPR-000415,MH05BS3471,CAM-THA-01,Thanjavur,2026-09-22T10:57:00,Truck,White,0.929,NORMAL
ANPR-000416,JK02AS3888,CAM-SAL-04,Salem,2026-09-22T16:44:00,Car,Grey,0.984,NORMAL
ANPR-000417,MP20TA0919,CAM-SAL-04,Salem,2026-09-22T08:17:00,Truck,Black,0.933,NORMAL
ANPR-000418,DL12CJ9823,CAM-THA-01,Thanjavur,2026-09-22T08:54:00,Bike,Silver,0.948,NORMAL
ANPR-000419,BR01DG6692,CAM-TIR-01,Tirunelveli,2026-09-22T18:50:00,Truck,Black,0.912,NORMAL
ANPR-000420,AS23X5585,CAM-MAD-01,Madurai,2026-09-22T12:12:00,Car,Grey,0.937,NORMAL
ANPR-000421,DL2CAX2886,CAM-COI-02,Coimbatore,2026-09-22T17:11:00,Mini Truck,Black,0.943,NORMAL
ANPR-000422,ML06A1659,CAM-COI-02,Coimbatore,2026-09-22T14:25:00,Car,Black,0.914,NORMAL
ANPR-000423,OR05AN4494,CAM-CHE-02,Chennai,2026-09-22T16:21:00,Bike,Silver,0.989,NORMAL
ANPR-000424,CH01AF1382,CAM-TRI-02,Trichy,2026-09-22T10:26:00,Car,Black,0.979,NORMAL
ANPR-000425,NL01CB433,CAM-THA-03,Thanjavur,2026-09-22T12:27:00,Car,Grey,0.942,NORMAL
ANPR-000426,AR168272,CAM-SAL-04,Salem,2026-09-22T17:48:00,Mini Truck,White,0.919,NORMAL
ANPR-000427,KA02MF3336,CAM-SAL-04,Salem,2026-09-22T08:27:00,Mini Truck,Red,0.891,NORMAL
ANPR-000428,UP45Q3028,CAM-TIR-01,Tirunelveli,2026-09-22T17:42:00,Car,Silver,0.959,NORMAL
ANPR-000429,DL9C0S1537,CAM-TIR-03,Tirunelveli,2026-09-22T15:51:00,Truck,Silver,0.98,NORMAL
ANPR-000430,PY01AP0555,CAM-SAL-01,Salem,2026-09-22T14:50:00,Car,Silver,0.987,NORMAL
ANPR-000431,PY055353,CAM-TRI-02,Trichy,2026-09-22T13:56:00,Mini Truck,Blue,0.927,NORMAL
ANPR-000432,UK07AA2432,CAM-VEL-04,Vellore,2026-09-22T19:17:00,Truck,Blue,0.977,NORMAL
ANPR-000433,HP2020TR6255G,CAM-CHE-03,Chennai,2026-09-22T13:20:00,Truck,Blue,0.948,NORMAL
ANPR-000434,BR01BL6628,CAM-CHE-03,Chennai,2026-09-22T11:49:00,Car,Grey,0.946,NORMAL
ANPR-000435,PB08DY4824,CAM-TIR-03,Tirunelveli,2026-09-22T13:52:00,Bike,Grey,0.888,NORMAL
ANPR-000436,WB02AD4162,CAM-CHE-04,Chennai,2026-09-22T13:05:00,Car,Silver,0.89,NORMAL
ANPR-000437,JK01R8021,CAM-SAL-01,Salem,2026-09-22T08:17:00,Truck,Black,0.889,NORMAL
ANPR-000438,AN01H0908,CAM-TRI-01,Trichy,2026-09-22T09:43:00,Mini Truck,Yellow,0.921,NORMAL
ANPR-000439,BF06P00006,CAM-TRI-04,Trichy,2026-09-22T14:59:00,Car,Blue,0.919,NORMAL
ANPR-000440,AR152019,CAM-SAL-01,Salem,2026-09-22T10:10:00,Mini Truck,White,0.932,NORMAL
ANPR-000441,MP09CK4943,CAM-THA-02,Thanjavur,2026-09-22T19:03:00,Truck,Grey,0.97,NORMAL
ANPR-000442,AR01F2523,CAM-CHE-04,Chennai,2026-09-22T17:14:00,Truck,Blue,0.95,NORMAL
ANPR-000443,KA04MK0368,CAM-MAD-02,Madurai,2026-09-22T08:45:00,Bus,Blue,0.902,NORMAL
ANPR-000444,GJ01RN4259,CAM-MAD-03,Madurai,2026-09-22T08:05:00,Bus,White,0.975,NORMAL
ANPR-000445,CG04HA4553,CAM-SAL-03,Salem,2026-09-22T09:25:00,Mini Truck,Grey,0.97,NORMAL
ANPR-000446,SK01PA7708,CAM-VEL-04,Vellore,2026-09-22T09:14:00,Car,Blue,0.926,NORMAL
ANPR-000447,HR26BK8597,CAM-TRI-03,Trichy,2026-09-22T12:26:00,Truck,Yellow,0.974,NORMAL
ANPR-000448,WB20AG9041,CAM-VEL-01,Vellore,2026-09-22T11:16:00,Truck,Yellow,0.989,NORMAL
ANPR-000449,GA03P2839,CAM-SAL-03,Salem,2026-09-22T08:11:00,Car,Black,0.967,NORMAL
ANPR-000450,HR01H4731,CAM-CHE-02,Chennai,2026-09-22T11:26:00,Mini Truck,White,0.905,NORMAL
ANPR-000451,AS01DG6002,CAM-SAL-03,Salem,2026-09-22T11:48:00,Bus,Black,0.936,NORMAL
ANPR-000452,AP39DL3537,CAM-COI-01,Coimbatore,2026-09-22T13:24:00,Car,Grey,0.938,NORMAL
ANPR-000453,OD02V0007,CAM-CHE-03,Chennai,2026-09-22T14:05:00,Car,Black,0.908,NORMAL
ANPR-000454,OD021481,CAM-THA-04,Thanjavur,2026-09-22T14:47:00,Bike,Blue,0.888,NORMAL
ANPR-000455,JK02AJ1525,CAM-CHE-03,Chennai,2026-09-22T09:02:00,Car,Red,0.902,NORMAL
ANPR-000456,DL9CAE1359,CAM-THA-02,Thanjavur,2026-09-22T18:50:00,Car,Red,0.99,NORMAL
ANPR-000457,HR26EJ7668,CAM-SAL-04,Salem,2026-09-22T19:06:00,Car,Yellow,0.913,NORMAL
ANPR-000458,JH01BC5210,CAM-TRI-04,Trichy,2026-09-22T12:17:00,Mini Truck,Red,0.91,NORMAL
ANPR-000459,UP16BD4866,CAM-CHE-03,Chennai,2026-09-22T18:46:00,Bus,Blue,0.966,NORMAL
ANPR-000460,PY01AW2814,CAM-CHE-02,Chennai,2026-09-22T08:39:00,Truck,Yellow,0.971,NORMAL
ANPR-000461,PB31R8123,CAM-TRI-02,Trichy,2026-09-22T13:43:00,Bike,Black,0.887,NORMAL
ANPR-000462,ML05L1434,CAM-VEL-01,Vellore,2026-09-22T18:09:00,Truck,Black,0.915,NORMAL
ANPR-000463,DL8CAL4134,CAM-MAD-04,Madurai,2026-09-22T18:19:00,Mini Truck,Silver,0.977,NORMAL
ANPR-000464,JK02AK8967,CAM-TRI-01,Trichy,2026-09-22T09:54:00,Truck,Yellow,0.917,NORMAL
ANPR-000465,KA01MB9714,CAM-THA-04,Thanjavur,2026-09-22T19:38:00,Mini Truck,Red,0.91,NORMAL
ANPR-000466,GJ7AG4373,CAM-TIR-02,Tirunelveli,2026-09-22T12:59:00,Bike,Red,0.98,NORMAL
ANPR-000467,HP719898,CAM-VEL-03,Vellore,2026-09-22T13:48:00,Car,Silver,0.897,NORMAL
ANPR-000468,DL4CAM9066,CAM-TRI-01,Trichy,2026-09-22T14:36:00,Truck,Silver,0.93,NORMAL
ANPR-000469,DL2CH8634,CAM-MAD-01,Madurai,2026-09-22T09:10:00,Mini Truck,Blue,0.956,NORMAL
ANPR-000470,PB23S8600,CAM-TIR-04,Tirunelveli,2026-09-22T16:16:00,Truck,Yellow,0.923,NORMAL
ANPR-000471,MH05EQ4066,CAM-COI-01,Coimbatore,2026-09-22T08:09:00,Truck,White,0.976,NORMAL
ANPR-000472,NL07CA7631,CAM-VEL-02,Vellore,2026-09-22T13:32:00,Car,Yellow,0.894,NORMAL
ANPR-000473,OR08F1001,CAM-MAD-03,Madurai,2026-09-22T17:47:00,Bus,Silver,0.921,NORMAL
ANPR-000474,MH43X8997,CAM-THA-04,Thanjavur,2026-09-22T08:10:00,Car,Black,0.979,NORMAL
ANPR-000475,GJ06KP8508,CAM-TIR-01,Tirunelveli,2026-09-22T10:11:00,Truck,Yellow,0.889,NORMAL
ANPR-000476,TS11EQ2914,CAM-THA-03,Thanjavur,2026-09-22T11:00:00,Car,Blue,0.901,NORMAL
ANPR-000477,CG22H7740,CAM-SAL-03,Salem,2026-09-22T12:50:00,Bike,Blue,0.982,NORMAL
ANPR-000478,DL12CS7886,CAM-VEL-04,Vellore,2026-09-22T09:50:00,Truck,Black,0.951,NORMAL
ANPR-000479,TR01E2157,CAM-SAL-01,Salem,2026-09-22T16:14:00,Truck,Red,0.988,NORMAL
ANPR-000480,AN01H1689,CAM-VEL-01,Vellore,2026-09-22T14:26:00,Car,Silver,0.955,NORMAL
ANPR-000481,CH03K7672,CAM-SAL-01,Salem,2026-09-22T19:59:00,Bike,Silver,0.966,NORMAL
ANPR-000482,BR01PL7594,CAM-VEL-01,Vellore,2026-09-22T19:16:00,Truck,Grey,0.979,NORMAL
ANPR-000483,GA03R9230,CAM-MAD-01,Madurai,2026-09-22T12:57:00,Mini Truck,White,0.917,NORMAL
ANPR-000484,CH01AX9090,CAM-COI-03,Coimbatore,2026-09-22T18:19:00,Car,Yellow,0.965,NORMAL
ANPR-000485,CH01A09331,CAM-MAD-02,Madurai,2026-09-22T10:57:00,Truck,Yellow,0.978,NORMAL
ANPR-000486,OD33L2616,CAM-CHE-01,Chennai,2026-09-22T12:16:00,Bus,Grey,0.929,NORMAL
ANPR-000487,AP31BL8656,CAM-CHE-02,Chennai,2026-09-22T10:19:00,Mini Truck,Grey,0.948,NORMAL
ANPR-000488,MH06AB8620,CAM-TIR-02,Tirunelveli,2026-09-22T10:55:00,Bus,Grey,0.929,NORMAL
ANPR-000489,GJ01HM5887,CAM-THA-04,Thanjavur,2026-09-22T18:15:00,Bike,Silver,0.959,NORMAL
ANPR-000490,MP09CQ9712,CAM-THA-03,Thanjavur,2026-09-22T09:07:00,Car,Grey,0.965,NORMAL
ANPR-000491,AR200692,CAM-VEL-04,Vellore,2026-09-22T19:38:00,Bike,Blue,0.944,NORMAL
ANPR-000492,JK01AL4613,CAM-COI-03,Coimbatore,2026-09-22T16:18:00,Bus,Red,0.888,NORMAL
ANPR-000493,TN10AR0131,CAM-VEL-04,Vellore,2026-09-22T17:43:00,Truck,Yellow,0.989,NORMAL
ANPR-000494,JK01D8354,CAM-MAD-02,Madurai,2026-09-22T17:19:00,Car,Grey,0.968,NORMAL
ANPR-000495,GJ1SCG7928,CAM-COI-04,Coimbatore,2026-09-22T18:05:00,Truck,Black,0.966,NORMAL
ANPR-000496,WB26S5093,CAM-VEL-01,Vellore,2026-09-22T14:02:00,Truck,Grey,0.942,NORMAL
ANPR-000497,GJ15CB3980,CAM-VEL-04,Vellore,2026-09-22T18:02:00,Truck,Blue,0.942,NORMAL
ANPR-000498,KL43D4389,CAM-SAL-02,Salem,2026-09-22T08:03:00,Mini Truck,Silver,0.967,NORMAL
ANPR-000499,CG16B1802,CAM-THA-03,Thanjavur,2026-09-22T14:33:00,Car,Silver,0.946,NORMAL
ANPR-000500,MH01BT7906,CAM-COI-03,Coimbatore,2026-09-22T10:32:00,Bus,Red,0.901,NORMAL
ANPR-000501,TS09EZ9293,CAM-MAD-04,Madurai,2026-09-22T11:35:00,Bus,Silver,0.989,NORMAL
ANPR-000502,PB37A8269,CAM-TIR-03,Tirunelveli,2026-09-22T11:30:00,Mini Truck,White,0.962,NORMAL
ANPR-000503,UK06CB4595,CAM-VEL-04,Vellore,2026-09-22T19:56:00,Bus,Black,0.943,NORMAL
ANPR-000504,NL01T8152,CAM-THA-04,Thanjavur,2026-09-22T08:17:00,Car,Red,0.888,NORMAL
ANPR-000505,BR7P3952,CAM-TRI-02,Trichy,2026-09-22T11:58:00,Truck,Grey,0.898,NORMAL
ANPR-000506,MN05A6028,CAM-MAD-01,Madurai,2026-09-22T09:11:00,Mini Truck,Grey,0.959,NORMAL
ANPR-000507,SK02P1078,CAM-COI-01,Coimbatore,2026-09-22T17:43:00,Car,Blue,0.947,NORMAL
ANPR-000508,GA01C2098,CAM-SAL-04,Salem,2026-09-22T16:56:00,Bike,Yellow,0.949,NORMAL
ANPR-000509,PY02L4602,CAM-COI-04,Coimbatore,2026-09-22T13:40:00,Bus,Silver,0.895,NORMAL
ANPR-000510,DL2CAR0108,CAM-VEL-04,Vellore,2026-09-22T15:00:00,Mini Truck,Silver,0.889,NORMAL
ANPR-000511,UP27Z7322,CAM-MAD-04,Madurai,2026-09-22T09:36:00,Truck,Blue,0.94,NORMAL
ANPR-000512,UK07BK5014,CAM-SAL-04,Salem,2026-09-22T10:31:00,Car,Blue,0.945,NORMAL
ANPR-000513,MH48AK2798,CAM-CHE-04,Chennai,2026-09-22T12:13:00,Truck,Yellow,0.914,NORMAL
ANPR-000514,OD052323,CAM-COI-04,Coimbatore,2026-09-22T16:06:00,Bike,Black,0.937,NORMAL
ANPR-000515,ML0563550,CAM-TIR-02,Tirunelveli,2026-09-22T11:10:00,Truck,White,0.961,NORMAL
ANPR-000516,KL27D9809,CAM-THA-03,Thanjavur,2026-09-22T14:23:00,Bus,Blue,0.951,NORMAL
ANPR-000517,MH05CH1754,CAM-SAL-01,Salem,2026-09-22T13:18:00,Car,Yellow,0.915,NORMAL
ANPR-000518,ML05R1934,CAM-MAD-04,Madurai,2026-09-22T17:31:00,Mini Truck,Yellow,0.906,NORMAL
ANPR-000519,JK02BN3088,CAM-MAD-02,Madurai,2026-09-22T09:22:00,Mini Truck,Blue,0.903,NORMAL
ANPR-000520,TS09EA4088,CAM-THA-04,Thanjavur,2026-09-22T16:32:00,Bus,Red,0.894,NORMAL
ANPR-000521,AP39HZ0087,CAM-CHE-04,Chennai,2026-09-22T17:25:00,Truck,Grey,0.902,NORMAL
ANPR-000522,OD11P6123,CAM-VEL-04,Vellore,2026-09-22T12:18:00,Truck,Black,0.959,NORMAL
ANPR-000523,KA01MG1660,CAM-MAD-04,Madurai,2026-09-22T16:30:00,Truck,Black,0.93,NORMAL
ANPR-000524,UK08W2276,CAM-VEL-02,Vellore,2026-09-22T13:49:00,Truck,Black,0.975,NORMAL
ANPR-000525,GJ01RK2430,CAM-COI-02,Coimbatore,2026-09-22T17:45:00,Truck,Blue,0.938,NORMAL
ANPR-000526,WB02AM8548,CAM-VEL-03,Vellore,2026-09-22T19:51:00,Car,White,0.958,NORMAL
ANPR-000527,AP31CS2511,CAM-TRI-02,Trichy,2026-09-22T17:53:00,Bus,Silver,0.982,NORMAL
ANPR-000528,MN01K5346,CAM-VEL-03,Vellore,2026-09-22T08:24:00,Bus,Red,0.987,NORMAL
ANPR-000529,AS04P4549,CAM-VEL-04,Vellore,2026-09-22T10:46:00,Truck,Yellow,0.983,NORMAL
ANPR-000530,BR06U2470,CAM-SAL-04,Salem,2026-09-22T15:06:00,Truck,Yellow,0.901,NORMAL
ANPR-000531,OD02AP3010,CAM-CHE-02,Chennai,2026-09-22T10:46:00,Truck,Yellow,0.962,NORMAL
ANPR-000532,HP34C8986,CAM-SAL-02,Salem,2026-09-22T17:17:00,Car,Silver,0.9,NORMAL
ANPR-000533,KA06C9590,CAM-TRI-04,Trichy,2026-09-22T08:30:00,Car,Silver,0.929,NORMAL
ANPR-000534,TN76V1978,CAM-CHE-04,Chennai,2026-09-22T18:31:00,Bike,Blue,0.947,NORMAL
ANPR-000535,AP31AT5064,CAM-CHE-03,Chennai,2026-09-22T16:13:00,Bike,Silver,0.989,NORMAL
ANPR-000536,MP08CA6293,CAM-SAL-02,Salem,2026-09-22T11:34:00,Car,White,0.975,NORMAL
ANPR-000537,WB26T6688,CAM-THA-04,Thanjavur,2026-09-22T15:38:00,Truck,Silver,0.921,NORMAL
ANPR-000538,MH12KJ7659,CAM-MAD-04,Madurai,2026-09-22T12:50:00,Truck,Grey,0.883,NORMAL
ANPR-000539,GA01S5594,CAM-VEL-02,Vellore,2026-09-22T11:06:00,Mini Truck,Black,0.96,NORMAL
ANPR-000540,WB06H2237,CAM-TRI-03,Trichy,2026-09-22T11:09:00,Car,White,0.957,NORMAL
ANPR-000541,DL5CH7599,CAM-TRI-03,Trichy,2026-09-22T19:52:00,Truck,Blue,0.939,NORMAL
ANPR-000542,ML087084,CAM-VEL-04,Vellore,2026-09-22T10:41:00,Truck,Blue,0.935,NORMAL
ANPR-000543,UP80FA1666,CAM-TIR-01,Tirunelveli,2026-09-22T08:18:00,Bus,Silver,0.987,NORMAL
ANPR-000544,TN19F0816,CAM-TRI-01,Trichy,2026-09-22T15:49:00,Truck,Silver,0.899,NORMAL
ANPR-000545,RJ23CB4320,CAM-COI-02,Coimbatore,2026-09-22T09:02:00,Bus,Silver,0.908,NORMAL
ANPR-000546,UP14CV7920,CAM-SAL-04,Salem,2026-09-22T13:25:00,Mini Truck,Grey,0.955,NORMAL
ANPR-000547,WB06G4120,CAM-COI-02,Coimbatore,2026-09-22T10:21:00,Car,Red,0.91,NORMAL
ANPR-000548,AP31EF1155,CAM-COI-02,Coimbatore,2026-09-22T13:51:00,Bike,Yellow,0.934,NORMAL
ANPR-000549,JH01AX5392,CAM-VEL-01,Vellore,2026-09-22T14:25:00,Truck,Yellow,0.965,NORMAL
ANPR-000550,AP31DT9378,CAM-CHE-03,Chennai,2026-09-22T18:19:00,Car,Black,0.98,NORMAL
ANPR-000551,AS018P2415,CAM-CHE-01,Chennai,2026-09-22T09:00:00,Bike,Black,0.967,NORMAL
ANPR-000552,PB2313752,CAM-CHE-03,Chennai,2026-09-22T13:58:00,Bus,Silver,0.983,NORMAL
ANPR-000553,AS19D9919,CAM-VEL-04,Vellore,2026-09-22T14:24:00,Car,Black,0.952,NORMAL
ANPR-000554,AP31TV6847,CAM-TIR-03,Tirunelveli,2026-09-22T09:34:00,Mini Truck,Black,0.982,NORMAL
ANPR-000555,SK02P3471,CAM-TIR-04,Tirunelveli,2026-09-22T18:03:00,Truck,Silver,0.946,NORMAL
ANPR-000556,DL6CR7002,CAM-THA-02,Thanjavur,2026-09-22T14:27:00,Bus,Blue,0.959,NORMAL
ANPR-000557,PY01CM5400,CAM-SAL-01,Salem,2026-09-22T18:10:00,Bike,Black,0.898,NORMAL
ANPR-000558,NL02C9593,CAM-MAD-01,Madurai,2026-09-22T08:37:00,Truck,Red,0.904,NORMAL
ANPR-000559,BR03PA3803,CAM-TRI-04,Trichy,2026-09-22T10:44:00,Truck,Grey,0.9,NORMAL
ANPR-000560,KL43D4444,CAM-SAL-02,Salem,2026-09-22T12:48:00,Truck,Blue,0.969,NORMAL
ANPR-000561,JH04C7104,CAM-COI-01,Coimbatore,2026-09-22T15:11:00,Mini Truck,White,0.961,NORMAL
ANPR-000562,DL8CNA1596,CAM-MAD-03,Madurai,2026-09-22T15:09:00,Truck,Red,0.942,NORMAL
ANPR-000563,AS01BF9673,CAM-VEL-01,Vellore,2026-09-22T08:22:00,Car,Grey,0.909,NORMAL
ANPR-000564,PY01Q7947,CAM-TRI-04,Trichy,2026-09-22T12:55:00,Bus,Red,0.941,NORMAL
ANPR-000565,JK02CD0461,CAM-SAL-04,Salem,2026-09-22T15:54:00,Truck,White,0.891,NORMAL
ANPR-000566,GJ06FK2977,CAM-COI-01,Coimbatore,2026-09-22T11:19:00,Mini Truck,Grey,0.908,NORMAL
ANPR-000567,SK01T8791,CAM-TIR-02,Tirunelveli,2026-09-22T15:23:00,Truck,Yellow,0.971,NORMAL
ANPR-000568,OD05Y5787,CAM-COI-04,Coimbatore,2026-09-22T16:33:00,Truck,White,0.984,NORMAL
ANPR-000569,MP04CL8840,CAM-TIR-04,Tirunelveli,2026-09-22T11:23:00,Truck,Blue,0.897,NORMAL
ANPR-000570,AR01E1034,CAM-TRI-04,Trichy,2026-09-22T18:31:00,Car,Black,0.915,NORMAL
ANPR-000571,UP53AK1161,CAM-COI-03,Coimbatore,2026-09-22T08:18:00,Truck,Black,0.95,NORMAL
ANPR-000572,GJ01HS1902,CAM-TRI-04,Trichy,2026-09-22T16:27:00,Bus,Blue,0.924,NORMAL
ANPR-000573,JH05S3291,CAM-TRI-04,Trichy,2026-09-22T18:17:00,Car,Blue,0.919,NORMAL
ANPR-000574,MH02DN7410,CAM-SAL-04,Salem,2026-09-22T11:00:00,Bus,Grey,0.938,NORMAL
ANPR-000575,TS08FZ8298,CAM-SAL-03,Salem,2026-09-22T11:46:00,Mini Truck,Red,0.883,NORMAL
ANPR-000576,JK01AD3147,CAM-THA-04,Thanjavur,2026-09-22T12:43:00,Truck,Blue,0.914,NORMAL
ANPR-000577,PY01BU2406,CAM-COI-04,Coimbatore,2026-09-22T13:33:00,Bus,Silver,0.949,NORMAL
ANPR-000578,AP26AM1260,CAM-THA-02,Thanjavur,2026-09-22T17:15:00,Bus,Blue,0.949,NORMAL
ANPR-000579,AP37EJ2277,CAM-TIR-02,Tirunelveli,2026-09-22T10:08:00,Car,Yellow,0.882,NORMAL
ANPR-000580,CH01BL3528,CAM-COI-02,Coimbatore,2026-09-22T10:45:00,Mini Truck,Yellow,0.961,NORMAL
ANPR-000581,CH01AB4559,CAM-MAD-01,Madurai,2026-09-22T18:40:00,Bike,Blue,0.902,NORMAL
ANPR-000582,RJ14CM3730,CAM-SAL-02,Salem,2026-09-22T08:20:00,Bus,Yellow,0.889,NORMAL
ANPR-000583,JH01AM2354,CAM-SAL-02,Salem,2026-09-22T14:48:00,Truck,Red,0.885,NORMAL
ANPR-000584,KA04MG7528,CAM-MAD-02,Madurai,2026-09-22T11:56:00,Car,Black,0.888,NORMAL
ANPR-000585,AS23G2612,CAM-THA-03,Thanjavur,2026-09-22T18:06:00,Mini Truck,Silver,0.9,NORMAL
ANPR-000586,GA08M0184,CAM-SAL-02,Salem,2026-09-22T19:00:00,Bike,Black,0.895,NORMAL
ANPR-000587,AN01L6155,CAM-SAL-02,Salem,2026-09-22T11:46:00,Car,White,0.95,NORMAL
ANPR-000588,OD05K6964,CAM-TIR-04,Tirunelveli,2026-09-22T15:49:00,Car,White,0.908,NORMAL
ANPR-000589,ML10B9308,CAM-THA-02,Thanjavur,2026-09-22T15:12:00,Bike,Black,0.96,NORMAL
ANPR-000590,AP28AT5333,CAM-TRI-01,Trichy,2026-09-22T11:37:00,Truck,Red,0.917,NORMAL
ANPR-000591,TS07HM2684,CAM-MAD-04,Madurai,2026-09-22T12:33:00,Bike,Black,0.952,NORMAL
ANPR-000592,JH01BU9956,CAM-THA-02,Thanjavur,2026-09-22T14:33:00,Truck,Red,0.906,NORMAL
ANPR-000593,WB70G3763,CAM-SAL-01,Salem,2026-09-22T19:31:00,Truck,Silver,0.96,NORMAL
ANPR-000594,AP39E1493,CAM-CHE-01,Chennai,2026-09-22T19:48:00,Car,White,0.953,NORMAL
ANPR-000595,JK1182360,CAM-VEL-03,Vellore,2026-09-22T08:29:00,Car,Black,0.885,NORMAL
ANPR-000596,CH01AP4538,CAM-TRI-04,Trichy,2026-09-22T09:12:00,Bus,Silver,0.895,NORMAL
ANPR-000597,UP23K0008,CAM-SAL-03,Salem,2026-09-22T15:29:00,Car,Grey,0.903,NORMAL
ANPR-000598,LA020749,CAM-VEL-02,Vellore,2026-09-22T13:36:00,Mini Truck,Black,0.909,NORMAL
ANPR-000599,TS15ES0894,CAM-TRI-01,Trichy,2026-09-22T16:24:00,Car,Red,0.916,NORMAL
ANPR-000600,DL8CNA5085,CAM-TRI-04,Trichy,2026-09-22T15:53:00,Mini Truck,Blue,0.976,NORMAL
ANPR-000601,WB06J2192,CAM-CHN-01,Chennai,2026-09-22T18:00:00,Bike,Grey,0.97,NORMAL_RETURN_TRIP
ANPR-000602,WB06J2192,CAM-CHN-02,Chennai,2026-09-22T20:30:00,Bike,Grey,0.96,NORMAL_RETURN_TRIP
ANPR-000603,TR01BG0365,CAM-CHN-01,Chennai,2026-09-22T18:03:00,Bike,White,0.97,NORMAL_RETURN_TRIP
ANPR-000604,TR01BG0365,CAM-CHN-02,Chennai,2026-09-22T20:33:00,Bike,White,0.96,NORMAL_RETURN_TRIP
ANPR-000605,AS01AM1419,CAM-CHN-01,Chennai,2026-09-22T18:06:00,Truck,White,0.97,NORMAL_RETURN_TRIP
ANPR-000606,AS01AM1419,CAM-CHN-02,Chennai,2026-09-22T20:36:00,Truck,White,0.96,NORMAL_RETURN_TRIP
ANPR-000607,HP40B8992,CAM-CHN-01,Chennai,2026-09-22T18:09:00,Car,Black,0.97,NORMAL_RETURN_TRIP
ANPR-000608,HP40B8992,CAM-CHN-02,Chennai,2026-09-22T20:39:00,Car,Black,0.96,NORMAL_RETURN_TRIP
ANPR-000609,PB02CC7299,CAM-CHN-01,Chennai,2026-09-22T18:12:00,Car,White,0.97,NORMAL_RETURN_TRIP
ANPR-000610,PB02CC7299,CAM-CHN-02,Chennai,2026-09-22T20:42:00,Car,White,0.96,NORMAL_RETURN_TRIP
ANPR-000611,MH12HN4507,CAM-CHN-01,Chennai,2026-09-22T18:15:00,Truck,Yellow,0.97,NORMAL_RETURN_TRIP
ANPR-000612,MH12HN4507,CAM-CHN-02,Chennai,2026-09-22T20:45:00,Truck,Yellow,0.96,NORMAL_RETURN_TRIP
ANPR-000613,PB30L5010,CAM-CHN-01,Chennai,2026-09-22T18:18:00,Truck,White,0.97,NORMAL_RETURN_TRIP
ANPR-000614,PB30L5010,CAM-CHN-02,Chennai,2026-09-22T20:48:00,Truck,White,0.96,NORMAL_RETURN_TRIP
ANPR-000615,TS08FQ1262,CAM-CHN-01,Chennai,2026-09-22T18:21:00,Car,Silver,0.97,NORMAL_RETURN_TRIP
ANPR-000616,TS08FQ1262,CAM-CHN-02,Chennai,2026-09-22T20:51:00,Car,Silver,0.96,NORMAL_RETURN_TRIP
ANPR-000617,TS36H6578,CAM-CHN-01,Chennai,2026-09-22T18:24:00,Bike,White,0.97,NORMAL_RETURN_TRIP
ANPR-000618,TS36H6578,CAM-CHN-02,Chennai,2026-09-22T20:54:00,Bike,White,0.96,NORMAL_RETURN_TRIP
ANPR-000619,ML08C8061,CAM-CHN-01,Chennai,2026-09-22T18:27:00,Bike,Yellow,0.97,NORMAL_RETURN_TRIP
ANPR-000620,ML08C8061,CAM-CHN-02,Chennai,2026-09-22T20:57:00,Bike,Yellow,0.96,NORMAL_RETURN_TRIP
ANPR-000621,TS18T3899,CAM-CHN-01,Chennai,2026-09-22T18:30:00,Bike,Black,0.97,NORMAL_RETURN_TRIP
ANPR-000622,TS18T3899,CAM-CHN-02,Chennai,2026-09-22T21:00:00,Bike,Black,0.96,NORMAL_RETURN_TRIP
ANPR-000623,ML05C5389,CAM-CHN-01,Chennai,2026-09-22T18:33:00,Bike,Yellow,0.97,NORMAL_RETURN_TRIP
ANPR-000624,ML05C5389,CAM-CHN-02,Chennai,2026-09-22T21:03:00,Bike,Yellow,0.96,NORMAL_RETURN_TRIP
ANPR-000625,HP3SG1539,CAM-CHN-01,Chennai,2026-09-22T18:36:00,Mini Truck,Black,0.97,NORMAL_RETURN_TRIP
ANPR-000626,HP3SG1539,CAM-CHN-02,Chennai,2026-09-22T21:06:00,Mini Truck,Black,0.96,NORMAL_RETURN_TRIP
ANPR-000627,ML05F9854,CAM-CHN-01,Chennai,2026-09-22T18:39:00,Bus,Grey,0.97,NORMAL_RETURN_TRIP
ANPR-000628,ML05F9854,CAM-CHN-02,Chennai,2026-09-22T21:09:00,Bus,Grey,0.96,NORMAL_RETURN_TRIP
ANPR-000629,AR01J0123,CAM-CHN-01,Chennai,2026-09-22T18:42:00,Truck,Yellow,0.97,NORMAL_RETURN_TRIP
ANPR-000630,AR01J0123,CAM-CHN-02,Chennai,2026-09-22T21:12:00,Truck,Yellow,0.96,NORMAL_RETURN_TRIP
ANPR-000631,BR01AW1250,CAM-CHN-01,Chennai,2026-09-22T18:45:00,Truck,Grey,0.97,NORMAL_RETURN_TRIP
ANPR-000632,BR01AW1250,CAM-CHN-02,Chennai,2026-09-22T21:15:00,Truck,Grey,0.96,NORMAL_RETURN_TRIP
ANPR-000633,PB04S4253,CAM-CHN-01,Chennai,2026-09-22T18:48:00,Truck,Silver,0.97,NORMAL_RETURN_TRIP
ANPR-000634,PB04S4253,CAM-CHN-02,Chennai,2026-09-22T21:18:00,Truck,Silver,0.96,NORMAL_RETURN_TRIP
ANPR-000635,JK02BF5058,CAM-CHN-01,Chennai,2026-09-22T18:51:00,Truck,White,0.97,NORMAL_RETURN_TRIP
ANPR-000636,JK02BF5058,CAM-CHN-02,Chennai,2026-09-22T21:21:00,Truck,White,0.96,NORMAL_RETURN_TRIP
ANPR-000637,PB04T0678,CAM-CHN-01,Chennai,2026-09-22T18:54:00,Truck,Yellow,0.97,NORMAL_RETURN_TRIP
ANPR-000638,PB04T0678,CAM-CHN-02,Chennai,2026-09-22T21:24:00,Truck,Yellow,0.96,NORMAL_RETURN_TRIP
ANPR-000639,ML05Q8790,CAM-CHN-01,Chennai,2026-09-22T18:57:00,Bike,Black,0.97,NORMAL_RETURN_TRIP
ANPR-000640,ML05Q8790,CAM-CHN-02,Chennai,2026-09-22T21:27:00,Bike,Black,0.96,NORMAL_RETURN_TRIP
ANPR-000641,BR02AF7424,CAM-CHN-01,Chennai,2026-09-22T19:00:00,Car,Black,0.97,NORMAL_RETURN_TRIP
ANPR-000642,BR02AF7424,CAM-CHN-02,Chennai,2026-09-22T21:30:00,Car,Black,0.96,NORMAL_RETURN_TRIP
ANPR-000643,CG08K2057,CAM-CHN-01,Chennai,2026-09-22T19:03:00,Truck,Black,0.97,NORMAL_RETURN_TRIP
ANPR-000644,CG08K2057,CAM-CHN-02,Chennai,2026-09-22T21:33:00,Truck,Black,0.96,NORMAL_RETURN_TRIP
ANPR-000645,AR169723,CAM-CHN-01,Chennai,2026-09-22T19:06:00,Truck,White,0.97,NORMAL_RETURN_TRIP
ANPR-000646,AR169723,CAM-CHN-02,Chennai,2026-09-22T21:36:00,Truck,White,0.96,NORMAL_RETURN_TRIP
ANPR-000647,KL41M93,CAM-CHN-01,Chennai,2026-09-22T19:09:00,Car,Silver,0.97,NORMAL_RETURN_TRIP
ANPR-000648,KL41M93,CAM-CHN-02,Chennai,2026-09-22T21:39:00,Car,Silver,0.96,NORMAL_RETURN_TRIP
ANPR-000649,DL12CL2555,CAM-CHN-01,Chennai,2026-09-22T19:12:00,Mini Truck,Yellow,0.97,NORMAL_RETURN_TRIP
ANPR-000650,DL12CL2555,CAM-CHN-02,Chennai,2026-09-22T21:42:00,Mini Truck,Yellow,0.96,NORMAL_RETURN_TRIP
ANPR-000651,JH01AR2011,CAM-CHN-01,Chennai,2026-09-22T19:15:00,Truck,Red,0.97,NORMAL_RETURN_TRIP
ANPR-000652,JH01AR2011,CAM-CHN-02,Chennai,2026-09-22T21:45:00,Truck,Red,0.96,NORMAL_RETURN_TRIP
ANPR-000653,PY01CM9549,CAM-CHN-01,Chennai,2026-09-22T19:18:00,Truck,Silver,0.97,NORMAL_RETURN_TRIP
ANPR-000654,PY01CM9549,CAM-CHN-02,Chennai,2026-09-22T21:48:00,Truck,Silver,0.96,NORMAL_RETURN_TRIP
ANPR-000655,DL4CAQ3231,CAM-CHN-01,Chennai,2026-09-22T19:21:00,Bike,Black,0.97,NORMAL_RETURN_TRIP
ANPR-000656,DL4CAQ3231,CAM-CHN-02,Chennai,2026-09-22T21:51:00,Bike,Black,0.96,NORMAL_RETURN_TRIP
ANPR-000657,JH08C0625,CAM-CHN-01,Chennai,2026-09-22T19:24:00,Truck,Yellow,0.97,NORMAL_RETURN_TRIP
ANPR-000658,JH08C0625,CAM-CHN-02,Chennai,2026-09-22T21:54:00,Truck,Yellow,0.96,NORMAL_RETURN_TRIP
ANPR-000659,CG251612,CAM-CHN-01,Chennai,2026-09-22T19:27:00,Mini Truck,Silver,0.97,NORMAL_RETURN_TRIP
ANPR-000660,CG251612,CAM-CHN-02,Chennai,2026-09-22T21:57:00,Mini Truck,Silver,0.96,NORMAL_RETURN_TRIP
ANPR-000661,PY01CV2447,CAM-CHN-01,Chennai,2026-09-22T19:30:00,Mini Truck,Grey,0.97,NORMAL_RETURN_TRIP
ANPR-000662,PY01CV2447,CAM-CHN-02,Chennai,2026-09-22T22:00:00,Mini Truck,Grey,0.96,NORMAL_RETURN_TRIP
ANPR-000663,CG07CA7784,CAM-CHN-01,Chennai,2026-09-22T19:33:00,Bike,White,0.97,NORMAL_RETURN_TRIP
ANPR-000664,CG07CA7784,CAM-CHN-02,Chennai,2026-09-22T22:03:00,Bike,White,0.96,NORMAL_RETURN_TRIP
ANPR-000665,OR21E1033,CAM-CHN-01,Chennai,2026-09-22T19:36:00,Bike,Yellow,0.97,NORMAL_RETURN_TRIP
ANPR-000666,OR21E1033,CAM-CHN-02,Chennai,2026-09-22T22:06:00,Bike,Yellow,0.96,NORMAL_RETURN_TRIP
ANPR-000667,AP310U7562,CAM-CHN-01,Chennai,2026-09-22T19:39:00,Truck,Red,0.97,NORMAL_RETURN_TRIP
ANPR-000668,AP310U7562,CAM-CHN-02,Chennai,2026-09-22T22:09:00,Truck,Red,0.96,NORMAL_RETURN_TRIP
ANPR-000669,TN63BV7954,CAM-CHN-01,Chennai,2026-09-22T19:42:00,Bike,Black,0.97,NORMAL_RETURN_TRIP
ANPR-000670,TN63BV7954,CAM-CHN-02,Chennai,2026-09-22T22:12:00,Bike,Black,0.96,NORMAL_RETURN_TRIP
ANPR-000671,JK02BL1212,CAM-CHN-01,Chennai,2026-09-22T19:45:00,Car,Yellow,0.97,NORMAL_RETURN_TRIP
ANPR-000672,JK02BL1212,CAM-CHN-02,Chennai,2026-09-22T22:15:00,Car,Yellow,0.96,NORMAL_RETURN_TRIP
ANPR-000673,TR01N0481,CAM-CHN-01,Chennai,2026-09-22T19:48:00,Mini Truck,Blue,0.97,NORMAL_RETURN_TRIP
ANPR-000674,TR01N0481,CAM-CHN-02,Chennai,2026-09-22T22:18:00,Mini Truck,Blue,0.96,NORMAL_RETURN_TRIP
ANPR-000675,DL6CJ8404,CAM-CHN-01,Chennai,2026-09-22T19:51:00,Truck,Black,0.97,NORMAL_RETURN_TRIP
ANPR-000676,DL6CJ8404,CAM-CHN-02,Chennai,2026-09-22T22:21:00,Truck,Black,0.96,NORMAL_RETURN_TRIP
ANPR-000677,CH01BQ5604,CAM-CHN-01,Chennai,2026-09-22T19:54:00,Truck,Silver,0.97,NORMAL_RETURN_TRIP
ANPR-000678,CH01BQ5604,CAM-CHN-02,Chennai,2026-09-22T22:24:00,Truck,Silver,0.96,NORMAL_RETURN_TRIP
ANPR-000679,AP39GR3492,CAM-CHN-01,Chennai,2026-09-22T19:57:00,Mini Truck,Yellow,0.97,NORMAL_RETURN_TRIP
ANPR-000680,AP39GR3492,CAM-CHN-02,Chennai,2026-09-22T22:27:00,Mini Truck,Yellow,0.96,NORMAL_RETURN_TRIP
ANPR-000681,MN01G0297,CAM-CBE-03,Coimbatore,2026-09-22T23:00:00,Bike,White,0.95,VEHICLE_TYPE_MISMATCH
ANPR-000682,TR07D0569,CAM-CBE-03,Coimbatore,2026-09-22T23:04:00,Bike,Red,0.95,VEHICLE_TYPE_MISMATCH
ANPR-000683,HP12H7917,CAM-CBE-03,Coimbatore,2026-09-22T23:08:00,Bike,Yellow,0.95,VEHICLE_TYPE_MISMATCH
ANPR-000684,UK06J3953,CAM-CBE-03,Coimbatore,2026-09-22T23:12:00,Bike,Red,0.95,VEHICLE_TYPE_MISMATCH
ANPR-000685,DN09J1548,CAM-CBE-03,Coimbatore,2026-09-22T23:16:00,Truck,Grey,0.95,VEHICLE_TYPE_MISMATCH
ANPR-000686,JH10S5378,CAM-CBE-03,Coimbatore,2026-09-22T23:20:00,Bike,Grey,0.95,VEHICLE_TYPE_MISMATCH
ANPR-000687,GJ18BK6705,CAM-CBE-03,Coimbatore,2026-09-22T23:24:00,Bike,Silver,0.95,VEHICLE_TYPE_MISMATCH
ANPR-000688,ML068346,CAM-CBE-03,Coimbatore,2026-09-22T23:28:00,Bike,Black,0.95,VEHICLE_TYPE_MISMATCH
ANPR-000689,AS01AL3746,CAM-CBE-03,Coimbatore,2026-09-22T23:32:00,Bike,Silver,0.95,VEHICLE_TYPE_MISMATCH
ANPR-000690,ML05F6894,CAM-CBE-03,Coimbatore,2026-09-22T23:36:00,Bike,Silver,0.95,VEHICLE_TYPE_MISMATCH
ANPR-000691,SK01PA4521,CAM-CBE-03,Coimbatore,2026-09-22T23:40:00,Bike,White,0.95,VEHICLE_TYPE_MISMATCH
ANPR-000692,UP14AF3804,CAM-CBE-03,Coimbatore,2026-09-22T23:44:00,Bike,Blue,0.95,VEHICLE_TYPE_MISMATCH
ANPR-000693,UP11AY0646,CAM-CBE-03,Coimbatore,2026-09-22T23:48:00,Bike,Yellow,0.95,VEHICLE_TYPE_MISMATCH
ANPR-000694,AP07AD5555,CAM-CBE-03,Coimbatore,2026-09-22T23:52:00,Truck,Red,0.95,VEHICLE_TYPE_MISMATCH
ANPR-000695,AR02A7116,CAM-CBE-03,Coimbatore,2026-09-22T23:56:00,Bike,Black,0.95,VEHICLE_TYPE_MISMATCH
ANPR-000696,WB02AH4655,CAM-CBE-03,Coimbatore,2026-09-23T00:00:00,Truck,Grey,0.95,VEHICLE_TYPE_MISMATCH
ANPR-000697,UP14AX9754,CAM-CBE-03,Coimbatore,2026-09-23T00:04:00,Truck,White,0.95,VEHICLE_TYPE_MISMATCH
ANPR-000698,BR32PA6558,CAM-CBE-03,Coimbatore,2026-09-23T00:08:00,Bike,Black,0.95,VEHICLE_TYPE_MISMATCH
ANPR-000699,PB10CK5005,CAM-CBE-03,Coimbatore,2026-09-23T00:12:00,Bike,Red,0.95,VEHICLE_TYPE_MISMATCH
ANPR-000700,AP16DP7065,CAM-CBE-03,Coimbatore,2026-09-23T00:16:00,Bike,Grey,0.95,VEHICLE_TYPE_MISMATCH
ANPR-000701,MP07CB8897,CAM-SLM-02,Salem,2026-09-23T00:40:00,Truck,Red,0.94,COLOUR_MISMATCH
ANPR-000702,MH12GR862,CAM-SLM-02,Salem,2026-09-23T00:44:00,Bus,Red,0.94,COLOUR_MISMATCH
ANPR-000703,JK03D7750,CAM-SLM-02,Salem,2026-09-23T00:48:00,Truck,Red,0.94,COLOUR_MISMATCH
ANPR-000704,JH02AD2533,CAM-SLM-02,Salem,2026-09-23T00:52:00,Truck,Red,0.94,COLOUR_MISMATCH
ANPR-000705,AR01C5723,CAM-SLM-02,Salem,2026-09-23T00:56:00,Car,Blue,0.94,COLOUR_MISMATCH
ANPR-000706,CH01AL4920,CAM-SLM-02,Salem,2026-09-23T01:00:00,Bus,Blue,0.94,COLOUR_MISMATCH
ANPR-000707,OR14U8730,CAM-SLM-02,Salem,2026-09-23T01:04:00,Bike,Red,0.94,COLOUR_MISMATCH
ANPR-000708,TR03F0375,CAM-SLM-02,Salem,2026-09-23T01:08:00,Truck,Red,0.94,COLOUR_MISMATCH
ANPR-000709,TN02AU9295,CAM-SLM-02,Salem,2026-09-23T01:12:00,Bus,Red,0.94,COLOUR_MISMATCH
ANPR-000710,AP31DF2833,CAM-SLM-02,Salem,2026-09-23T01:16:00,Mini Truck,Blue,0.94,COLOUR_MISMATCH
ANPR-000711,DN0901438,CAM-SLM-02,Salem,2026-09-23T01:20:00,Mini Truck,Red,0.94,COLOUR_MISMATCH
ANPR-000712,JH05Y9636,CAM-SLM-02,Salem,2026-09-23T01:24:00,Truck,Red,0.94,COLOUR_MISMATCH
ANPR-000713,PY01CG2929,CAM-SLM-02,Salem,2026-09-23T01:28:00,Mini Truck,Red,0.94,COLOUR_MISMATCH
ANPR-000714,BR01BE0777,CAM-SLM-02,Salem,2026-09-23T01:32:00,Bus,Blue,0.94,COLOUR_MISMATCH
ANPR-000715,CG04HV7009,CAM-SLM-02,Salem,2026-09-23T01:36:00,Truck,Red,0.94,COLOUR_MISMATCH
ANPR-000716,HR26DJ8832,CAM-SLM-02,Salem,2026-09-23T01:40:00,Bike,Red,0.94,COLOUR_MISMATCH
ANPR-000717,PB10CQ0006,CAM-SLM-02,Salem,2026-09-23T01:44:00,Bike,Red,0.94,COLOUR_MISMATCH
ANPR-000718,DL8CZ7230,CAM-SLM-02,Salem,2026-09-23T01:48:00,Bike,Red,0.94,COLOUR_MISMATCH
ANPR-000719,CG04HC4887,CAM-SLM-02,Salem,2026-09-23T01:52:00,Car,Red,0.94,COLOUR_MISMATCH
ANPR-000720,GJ01RM3413,CAM-SLM-02,Salem,2026-09-23T01:56:00,Truck,Red,0.94,COLOUR_MISMATCH
ANPR-000721,GJ05JB6589,CAM-CHN-01,Chennai,2026-09-23T04:00:00,Truck,Red,0.98,IMPOSSIBLE_TRAVEL
ANPR-000722,GJ05JB6589,CAM-CBE-01,Coimbatore,2026-09-23T04:20:00,Truck,Red,0.97,IMPOSSIBLE_TRAVEL
ANPR-000723,JK13C4452,CAM-CHN-01,Chennai,2026-09-23T04:05:00,Car,Silver,0.98,IMPOSSIBLE_TRAVEL
ANPR-000724,JK13C4452,CAM-CBE-01,Coimbatore,2026-09-23T04:25:00,Car,Silver,0.97,IMPOSSIBLE_TRAVEL
ANPR-000725,JK127959,CAM-CHN-01,Chennai,2026-09-23T04:10:00,Bike,Yellow,0.98,IMPOSSIBLE_TRAVEL
ANPR-000726,JK127959,CAM-CBE-01,Coimbatore,2026-09-23T04:30:00,Bike,Yellow,0.97,IMPOSSIBLE_TRAVEL
ANPR-000727,CG04H5060,CAM-CHN-01,Chennai,2026-09-23T04:15:00,Bike,Black,0.98,IMPOSSIBLE_TRAVEL
ANPR-000728,CG04H5060,CAM-CBE-01,Coimbatore,2026-09-23T04:35:00,Bike,Black,0.97,IMPOSSIBLE_TRAVEL
ANPR-000729,WB06J9177,CAM-CHN-01,Chennai,2026-09-23T04:20:00,Bus,Red,0.98,IMPOSSIBLE_TRAVEL
ANPR-000730,WB06J9177,CAM-CBE-01,Coimbatore,2026-09-23T04:40:00,Bus,Red,0.97,IMPOSSIBLE_TRAVEL
ANPR-000731,KA28M3589,CAM-CHN-01,Chennai,2026-09-23T04:25:00,Truck,Silver,0.98,IMPOSSIBLE_TRAVEL
ANPR-000732,KA28M3589,CAM-CBE-01,Coimbatore,2026-09-23T04:45:00,Truck,Silver,0.97,IMPOSSIBLE_TRAVEL
ANPR-000733,TS08EZ9463,CAM-CHN-01,Chennai,2026-09-23T04:30:00,Truck,Black,0.98,IMPOSSIBLE_TRAVEL
ANPR-000734,TS08EZ9463,CAM-CBE-01,Coimbatore,2026-09-23T04:50:00,Truck,Black,0.97,IMPOSSIBLE_TRAVEL
ANPR-000735,DL8CAU6883,CAM-CHN-01,Chennai,2026-09-23T04:35:00,Truck,White,0.98,IMPOSSIBLE_TRAVEL
ANPR-000736,DL8CAU6883,CAM-CBE-01,Coimbatore,2026-09-23T04:55:00,Truck,White,0.97,IMPOSSIBLE_TRAVEL
ANPR-000737,WB02W9S3S,CAM-CHN-01,Chennai,2026-09-23T04:40:00,Truck,White,0.98,IMPOSSIBLE_TRAVEL
ANPR-000738,WB02W9S3S,CAM-CBE-01,Coimbatore,2026-09-23T05:00:00,Truck,White,0.97,IMPOSSIBLE_TRAVEL
ANPR-000739,HR56B2626,CAM-CHN-01,Chennai,2026-09-23T04:45:00,Mini Truck,Black,0.98,IMPOSSIBLE_TRAVEL
ANPR-000740,HR56B2626,CAM-CBE-01,Coimbatore,2026-09-23T05:05:00,Mini Truck,Black,0.97,IMPOSSIBLE_TRAVEL
ANPR-000741,KL0BBJ5001,CAM-CHN-01,Chennai,2026-09-23T04:50:00,Mini Truck,Yellow,0.98,IMPOSSIBLE_TRAVEL
ANPR-000742,KL0BBJ5001,CAM-CBE-01,Coimbatore,2026-09-23T05:10:00,Mini Truck,Yellow,0.97,IMPOSSIBLE_TRAVEL
ANPR-000743,WB02X8795,CAM-CHN-01,Chennai,2026-09-23T04:55:00,Truck,Grey,0.98,IMPOSSIBLE_TRAVEL
ANPR-000744,WB02X8795,CAM-CBE-01,Coimbatore,2026-09-23T05:15:00,Truck,Grey,0.97,IMPOSSIBLE_TRAVEL
ANPR-000745,AP16CH9545,CAM-CHN-01,Chennai,2026-09-23T05:00:00,Mini Truck,White,0.98,IMPOSSIBLE_TRAVEL
ANPR-000746,AP16CH9545,CAM-CBE-01,Coimbatore,2026-09-23T05:20:00,Mini Truck,White,0.97,IMPOSSIBLE_TRAVEL
ANPR-000747,AP39TP0211,CAM-CHN-01,Chennai,2026-09-23T05:05:00,Bike,Grey,0.98,IMPOSSIBLE_TRAVEL
ANPR-000748,AP39TP0211,CAM-CBE-01,Coimbatore,2026-09-23T05:25:00,Bike,Grey,0.97,IMPOSSIBLE_TRAVEL
ANPR-000749,AP04M7627,CAM-CHN-01,Chennai,2026-09-23T05:10:00,Truck,Grey,0.98,IMPOSSIBLE_TRAVEL
ANPR-000750,AP04M7627,CAM-CBE-01,Coimbatore,2026-09-23T05:30:00,Truck,Grey,0.97,IMPOSSIBLE_TRAVEL
ANPR-000751,UP32EC5577,CAM-CHN-01,Chennai,2026-09-23T05:15:00,Mini Truck,Blue,0.98,IMPOSSIBLE_TRAVEL
ANPR-000752,UP32EC5577,CAM-CBE-01,Coimbatore,2026-09-23T05:35:00,Mini Truck,Blue,0.97,IMPOSSIBLE_TRAVEL
ANPR-000753,KL45C4411,CAM-CHN-01,Chennai,2026-09-23T05:20:00,Car,Yellow,0.98,IMPOSSIBLE_TRAVEL
ANPR-000754,KL45C4411,CAM-CBE-01,Coimbatore,2026-09-23T05:40:00,Car,Yellow,0.97,IMPOSSIBLE_TRAVEL
ANPR-000755,AS01AR1986,CAM-CHN-01,Chennai,2026-09-23T05:25:00,Car,Yellow,0.98,IMPOSSIBLE_TRAVEL
ANPR-000756,AS01AR1986,CAM-CBE-01,Coimbatore,2026-09-23T05:45:00,Car,Yellow,0.97,IMPOSSIBLE_TRAVEL
ANPR-000757,BR01BD5042,CAM-CHN-01,Chennai,2026-09-23T05:30:00,Bike,White,0.98,IMPOSSIBLE_TRAVEL
ANPR-000758,BR01BD5042,CAM-CBE-01,Coimbatore,2026-09-23T05:50:00,Bike,White,0.97,IMPOSSIBLE_TRAVEL
ANPR-000759,AP31BG7827,CAM-CHN-01,Chennai,2026-09-23T05:35:00,Mini Truck,Grey,0.98,IMPOSSIBLE_TRAVEL
ANPR-000760,AP31BG7827,CAM-CBE-01,Coimbatore,2026-09-23T05:55:00,Mini Truck,Grey,0.97,IMPOSSIBLE_TRAVEL
ANPR-000761,PB04S4253,CAM-CHN-04,Chennai,2026-09-23T07:20:00,Truck,Silver,0.96,EXPIRED_PERMIT
ANPR-000762,DL6CJ8404,CAM-CHN-04,Chennai,2026-09-23T07:23:00,Truck,Black,0.96,EXPIRED_PERMIT
ANPR-000763,MP07CB8897,CAM-CHN-04,Chennai,2026-09-23T07:26:00,Truck,Yellow,0.96,EXPIRED_PERMIT
ANPR-000764,CG04HC4887,CAM-CHN-04,Chennai,2026-09-23T07:29:00,Car,Black,0.96,EXPIRED_PERMIT
ANPR-000765,GJ01RM3413,CAM-CHN-04,Chennai,2026-09-23T07:32:00,Truck,Yellow,0.96,EXPIRED_PERMIT
ANPR-000766,ML1032811,CAM-CHN-04,Chennai,2026-09-23T07:35:00,Car,Blue,0.96,EXPIRED_PERMIT
ANPR-000767,WB061061,CAM-CHN-04,Chennai,2026-09-23T07:38:00,Bike,Black,0.96,EXPIRED_PERMIT
ANPR-000768,RJ23CB2272,CAM-CHN-04,Chennai,2026-09-23T07:41:00,Car,White,0.96,EXPIRED_PERMIT
ANPR-000769,NL02C3947,CAM-CHN-04,Chennai,2026-09-23T07:44:00,Bus,Black,0.96,EXPIRED_PERMIT
ANPR-000770,PB08DT7342,CAM-CHN-04,Chennai,2026-09-23T07:47:00,Car,Grey,0.96,EXPIRED_PERMIT
ANPR-000771,WB171717,CAM-CHN-04,Chennai,2026-09-23T07:50:00,Bike,Red,0.96,EXPIRED_PERMIT
ANPR-000772,ML05J8950,CAM-CHN-04,Chennai,2026-09-23T07:53:00,Car,Grey,0.96,EXPIRED_PERMIT
ANPR-000773,PY01AH9067,CAM-CHN-04,Chennai,2026-09-23T07:56:00,Car,Blue,0.96,EXPIRED_PERMIT
ANPR-000774,TS09EZ9296,CAM-CHN-04,Chennai,2026-09-23T07:59:00,Bus,White,0.96,EXPIRED_PERMIT
ANPR-000775,MH36H5700,CAM-CHN-04,Chennai,2026-09-23T08:02:00,Bike,Black,0.96,EXPIRED_PERMIT
ANPR-000776,TN19Q0835,CAM-CHN-04,Chennai,2026-09-23T08:05:00,Truck,Red,0.96,EXPIRED_PERMIT
ANPR-000777,GJ06DQ3712,CAM-CHN-04,Chennai,2026-09-23T08:08:00,Truck,Silver,0.96,EXPIRED_PERMIT
ANPR-000778,WB02AA5580,CAM-CHN-04,Chennai,2026-09-23T08:11:00,Mini Truck,Black,0.96,EXPIRED_PERMIT
ANPR-000779,HR26BY4812,CAM-CHN-04,Chennai,2026-09-23T08:14:00,Truck,Black,0.96,EXPIRED_PERMIT
ANPR-000780,TR01X0482,CAM-CHN-04,Chennai,2026-09-23T08:17:00,Truck,Blue,0.96,EXPIRED_PERMIT
ANPR-000781,DL3CBS5881,CAM-CHN-04,Chennai,2026-09-23T08:20:00,Truck,Red,0.96,EXPIRED_PERMIT
ANPR-000782,CG04HD6930,CAM-CHN-04,Chennai,2026-09-23T08:23:00,Bike,White,0.96,EXPIRED_PERMIT
ANPR-000783,KA51P7755,CAM-CHN-04,Chennai,2026-09-23T08:26:00,Bike,Yellow,0.96,EXPIRED_PERMIT
ANPR-000784,OD02J0435,CAM-CHN-04,Chennai,2026-09-23T08:29:00,Truck,White,0.96,EXPIRED_PERMIT
ANPR-000785,AN01D4163,CAM-CHN-04,Chennai,2026-09-23T08:32:00,Mini Truck,White,0.96,EXPIRED_PERMIT
ANPR-000786,PB06AN6162,CAM-CHN-04,Chennai,2026-09-23T08:35:00,Car,Red,0.96,EXPIRED_PERMIT
ANPR-000787,CG13AE4060,CAM-CHN-04,Chennai,2026-09-23T08:38:00,Truck,Red,0.96,EXPIRED_PERMIT
ANPR-000788,UP16AJ0704,CAM-CHN-04,Chennai,2026-09-23T08:41:00,Bike,Red,0.96,EXPIRED_PERMIT
ANPR-000789,HR26BQ8176,CAM-CHN-04,Chennai,2026-09-23T08:44:00,Truck,Blue,0.96,EXPIRED_PERMIT
ANPR-000790,TR03H0259,CAM-CHN-04,Chennai,2026-09-23T08:47:00,Truck,Red,0.96,EXPIRED_PERMIT
ANPR-000791,UP32HY6077,CAM-CHN-04,Chennai,2026-09-23T08:50:00,Mini Truck,Yellow,0.96,EXPIRED_PERMIT
ANPR-000792,HR29W8286,CAM-CHN-04,Chennai,2026-09-23T08:53:00,Bike,Yellow,0.96,EXPIRED_PERMIT
ANPR-000793,AP07AN3915,CAM-CHN-04,Chennai,2026-09-23T08:56:00,Truck,Black,0.96,EXPIRED_PERMIT
ANPR-000794,UP45Q3028,CAM-CHN-04,Chennai,2026-09-23T08:59:00,Car,Silver,0.96,EXPIRED_PERMIT
ANPR-000795,AR152019,CAM-CHN-04,Chennai,2026-09-23T09:02:00,Mini Truck,White,0.96,EXPIRED_PERMIT
ANPR-000796,JK02AJ1525,CAM-CHN-04,Chennai,2026-09-23T09:05:00,Car,Red,0.96,EXPIRED_PERMIT
ANPR-000797,JH01BC5210,CAM-CHN-04,Chennai,2026-09-23T09:08:00,Mini Truck,Red,0.96,EXPIRED_PERMIT
ANPR-000798,DL2CH8634,CAM-CHN-04,Chennai,2026-09-23T09:11:00,Mini Truck,Blue,0.96,EXPIRED_PERMIT
ANPR-000799,ML05R1934,CAM-CHN-04,Chennai,2026-09-23T09:14:00,Mini Truck,Yellow,0.96,EXPIRED_PERMIT
ANPR-000800,OD11P6123,CAM-CHN-04,Chennai,2026-09-23T09:17:00,Truck,Black,0.96,EXPIRED_PERMIT
ANPR-000801,TN99ZZ9999,CAM-CBE-04,Coimbatore,2026-09-23T09:00:00,Unknown,Unknown,0.91,UNKNOWN_PLATE
ANPR-000802,TN88XX8888,CAM-CBE-04,Coimbatore,2026-09-23T09:05:00,Unknown,Unknown,0.91,UNKNOWN_PLATE
ANPR-000803,KA99FA1234,CAM-CBE-04,Coimbatore,2026-09-23T09:10:00,Unknown,Unknown,0.91,UNKNOWN_PLATE
ANPR-000804,MH99ZZ5555,CAM-CBE-04,Coimbatore,2026-09-23T09:15:00,Unknown,Unknown,0.91,UNKNOWN_PLATE
ANPR-000805,AP99YY7777,CAM-CBE-04,Coimbatore,2026-09-23T09:20:00,Unknown,Unknown,0.91,UNKNOWN_PLATE
