transaction_id,registration_number,fastag_id,toll_plaza,timestamp,transaction_status,amount,event_type
FT-TXN-000001,WB06J2192,FT-000001,Madurai Toll Plaza,2026-09-22T09:44:00,SUCCESS,141.66,NORMAL
FT-TXN-000002,TR01BG0365,FT-000002,Chennai Toll Plaza,2026-09-22T09:06:00,SUCCESS,194.2,NORMAL
FT-TXN-000003,AS01AM1419,FT-000003,Chennai Toll Plaza,2026-09-22T16:47:00,SUCCESS,138.43,NORMAL
FT-TXN-000004,HP40B8992,FT-000004,Vellore Toll Plaza,2026-09-22T17:13:00,SUCCESS,95.71,NORMAL
FT-TXN-000005,PB02CC7299,FT-000005,Trichy Toll Plaza,2026-09-22T13:18:00,SUCCESS,109.33,NORMAL
FT-TXN-000006,MH12HN4507,FT-000006,Vellore Toll Plaza,2026-09-22T09:57:00,SUCCESS,132.03,NORMAL
FT-TXN-000007,PB30L5010,FT-000007,Coimbatore Toll Plaza,2026-09-22T09:11:00,SUCCESS,179.56,NORMAL
FT-TXN-000008,TS08FQ1262,FT-000008,Salem Toll Plaza,2026-09-22T10:39:00,EXCEPTION,197.39,NORMAL
FT-TXN-000009,TS36H6578,FT-000009,Chennai Toll Plaza,2026-09-22T18:40:00,SUCCESS,79.01,NORMAL
FT-TXN-000010,ML08C8061,FT-000010,Coimbatore Toll Plaza,2026-09-22T08:23:00,EXCEPTION,140.8,NORMAL
FT-TXN-000011,TS18T3899,FT-000011,Madurai Toll Plaza,2026-09-22T13:58:00,SUCCESS,209.84,NORMAL
FT-TXN-000012,ML05C5389,FT-000012,Madurai Toll Plaza,2026-09-22T12:25:00,SUCCESS,182.19,NORMAL
FT-TXN-000013,HP3SG1539,FT-000013,Madurai Toll Plaza,2026-09-22T08:09:00,SUCCESS,134.46,NORMAL
FT-TXN-000014,ML05F9854,FT-000014,Coimbatore Toll Plaza,2026-09-22T09:35:00,SUCCESS,90.36,NORMAL
FT-TXN-000015,AR01J0123,FT-000015,Thanjavur Toll Plaza,2026-09-22T08:33:00,SUCCESS,212.76,NORMAL
FT-TXN-000016,BR01AW1250,FT-000016,Chennai Toll Plaza,2026-09-22T14:03:00,SUCCESS,175.96,NORMAL
FT-TXN-000017,PB04S4253,FT-000017,Salem Toll Plaza,2026-09-22T12:34:00,SUCCESS,51.22,NORMAL
FT-TXN-000018,JK02BF5058,FT-000018,Thanjavur Toll Plaza,2026-09-22T19:35:00,SUCCESS,189.53,NORMAL
FT-TXN-000019,PB04T0678,FT-000019,Chennai Toll Plaza,2026-09-22T12:31:00,SUCCESS,208.4,NORMAL
FT-TXN-000020,ML05Q8790,FT-000020,Vellore Toll Plaza,2026-09-22T15:14:00,SUCCESS,155.79,NORMAL
FT-TXN-000021,BR02AF7424,FT-000021,Madurai Toll Plaza,2026-09-22T13:55:00,SUCCESS,210.55,NORMAL
FT-TXN-000022,CG08K2057,FT-000022,Tirunelveli Toll Plaza,2026-09-22T15:40:00,SUCCESS,120.75,NORMAL
FT-TXN-000023,AR169723,FT-000023,Thanjavur Toll Plaza,2026-09-22T17:24:00,SUCCESS,105.68,NORMAL
FT-TXN-000024,KL41M93,FT-000024,Tirunelveli Toll Plaza,2026-09-22T08:35:00,SUCCESS,76.79,NORMAL
FT-TXN-000025,DL12CL2555,FT-000025,Madurai Toll Plaza,2026-09-22T11:53:00,SUCCESS,146.83,NORMAL
FT-TXN-000026,JH01AR2011,FT-000026,Chennai Toll Plaza,2026-09-22T14:29:00,SUCCESS,210.32,NORMAL
FT-TXN-000027,PY01CM9549,FT-000027,Thanjavur Toll Plaza,2026-09-22T19:57:00,SUCCESS,208.0,NORMAL
FT-TXN-000028,DL4CAQ3231,FT-000028,Salem Toll Plaza,2026-09-22T10:13:00,SUCCESS,177.29,NORMAL
FT-TXN-000029,JH08C0625,FT-000029,Trichy Toll Plaza,2026-09-22T17:21:00,SUCCESS,122.5,NORMAL
FT-TXN-000030,CG251612,FT-000030,Trichy Toll Plaza,2026-09-22T10:47:00,SUCCESS,63.27,NORMAL
FT-TXN-000031,PY01CV2447,FT-000031,Salem Toll Plaza,2026-09-22T14:09:00,SUCCESS,106.01,NORMAL
FT-TXN-000032,CG07CA7784,FT-000032,Coimbatore Toll Plaza,2026-09-22T19:37:00,SUCCESS,121.36,NORMAL
FT-TXN-000033,OR21E1033,FT-000033,Tirunelveli Toll Plaza,2026-09-22T13:52:00,SUCCESS,110.33,NORMAL
FT-TXN-000034,AP310U7562,FT-000034,Thanjavur Toll Plaza,2026-09-22T12:33:00,SUCCESS,183.22,NORMAL
FT-TXN-000035,TN63BV7954,FT-000035,Salem Toll Plaza,2026-09-22T15:41:00,SUCCESS,172.84,NORMAL
FT-TXN-000036,JK02BL1212,FT-000036,Coimbatore Toll Plaza,2026-09-22T14:44:00,SUCCESS,76.34,NORMAL
FT-TXN-000037,TR01N0481,FT-000037,Coimbatore Toll Plaza,2026-09-22T17:10:00,EXCEPTION,79.89,NORMAL
FT-TXN-000038,DL6CJ8404,FT-000038,Tirunelveli Toll Plaza,2026-09-22T10:07:00,SUCCESS,126.42,NORMAL
FT-TXN-000039,CH01BQ5604,FT-000039,Coimbatore Toll Plaza,2026-09-22T13:03:00,SUCCESS,86.72,NORMAL
FT-TXN-000040,AP39GR3492,FT-000040,Coimbatore Toll Plaza,2026-09-22T08:28:00,SUCCESS,109.08,NORMAL
FT-TXN-000041,MN01G0297,FT-000041,Coimbatore Toll Plaza,2026-09-22T11:04:00,SUCCESS,96.79,NORMAL
FT-TXN-000042,TR07D0569,FT-000042,Trichy Toll Plaza,2026-09-22T16:17:00,SUCCESS,68.39,NORMAL
FT-TXN-000043,HP12H7917,FT-000043,Coimbatore Toll Plaza,2026-09-22T11:48:00,EXCEPTION,169.1,NORMAL
FT-TXN-000044,UK06J3953,FT-000044,Madurai Toll Plaza,2026-09-22T11:58:00,SUCCESS,85.47,NORMAL
FT-TXN-000045,DN09J1548,FT-000045,Trichy Toll Plaza,2026-09-22T15:20:00,SUCCESS,161.58,NORMAL
FT-TXN-000046,JH10S5378,FT-000046,Tirunelveli Toll Plaza,2026-09-22T13:03:00,SUCCESS,164.13,NORMAL
FT-TXN-000047,GJ18BK6705,FT-000047,Salem Toll Plaza,2026-09-22T12:06:00,SUCCESS,122.4,NORMAL
FT-TXN-000048,ML068346,FT-000048,Madurai Toll Plaza,2026-09-22T10:32:00,SUCCESS,139.35,NORMAL
FT-TXN-000049,AS01AL3746,FT-000049,Madurai Toll Plaza,2026-09-22T17:53:00,SUCCESS,69.79,NORMAL
FT-TXN-000050,ML05F6894,FT-000050,Madurai Toll Plaza,2026-09-22T19:26:00,SUCCESS,46.07,NORMAL
FT-TXN-000051,SK01PA4521,FT-000051,Chennai Toll Plaza,2026-09-22T14:31:00,SUCCESS,104.89,NORMAL
FT-TXN-000052,UP14AF3804,FT-000052,Coimbatore Toll Plaza,2026-09-22T19:36:00,SUCCESS,61.67,NORMAL
FT-TXN-000053,UP11AY0646,FT-000053,Vellore Toll Plaza,2026-09-22T14:03:00,SUCCESS,210.4,NORMAL
FT-TXN-000054,AP07AD5555,FT-000054,Madurai Toll Plaza,2026-09-22T17:14:00,SUCCESS,49.8,NORMAL
FT-TXN-000055,AR02A7116,FT-000055,Coimbatore Toll Plaza,2026-09-22T08:08:00,EXCEPTION,204.46,NORMAL
FT-TXN-000056,WB02AH4655,FT-000056,Tirunelveli Toll Plaza,2026-09-22T12:45:00,SUCCESS,120.3,NORMAL
FT-TXN-000057,UP14AX9754,FT-000057,Trichy Toll Plaza,2026-09-22T19:26:00,SUCCESS,119.49,NORMAL
FT-TXN-000058,BR32PA6558,FT-000058,Madurai Toll Plaza,2026-09-22T08:53:00,SUCCESS,214.65,NORMAL
FT-TXN-000059,PB10CK5005,FT-000059,Salem Toll Plaza,2026-09-22T12:10:00,SUCCESS,112.88,NORMAL
FT-TXN-000060,AP16DP7065,FT-000060,Thanjavur Toll Plaza,2026-09-22T10:48:00,SUCCESS,119.8,NORMAL
FT-TXN-000061,MP07CB8897,FT-000061,Trichy Toll Plaza,2026-09-22T10:50:00,EXCEPTION,86.59,NORMAL
FT-TXN-000062,MH12GR862,FT-000062,Tirunelveli Toll Plaza,2026-09-22T15:04:00,EXCEPTION,213.83,NORMAL
FT-TXN-000063,JK03D7750,FT-000063,Tirunelveli Toll Plaza,2026-09-22T16:33:00,EXCEPTION,135.95,NORMAL
FT-TXN-000064,JH02AD2533,FT-000064,Trichy Toll Plaza,2026-09-22T15:52:00,SUCCESS,129.75,NORMAL
FT-TXN-000065,AR01C5723,FT-000065,Vellore Toll Plaza,2026-09-22T08:07:00,SUCCESS,70.08,NORMAL
FT-TXN-000066,CH01AL4920,FT-000066,Trichy Toll Plaza,2026-09-22T11:07:00,SUCCESS,66.1,NORMAL
FT-TXN-000067,OR14U8730,FT-000067,Madurai Toll Plaza,2026-09-22T16:54:00,SUCCESS,60.38,NORMAL
FT-TXN-000068,TR03F0375,FT-000068,Madurai Toll Plaza,2026-09-22T10:13:00,SUCCESS,80.61,NORMAL
FT-TXN-000069,TN02AU9295,FT-000069,Madurai Toll Plaza,2026-09-22T10:29:00,SUCCESS,199.89,NORMAL
FT-TXN-000070,AP31DF2833,FT-000070,Vellore Toll Plaza,2026-09-22T19:38:00,SUCCESS,182.34,NORMAL
FT-TXN-000071,DN0901438,FT-000071,Coimbatore Toll Plaza,2026-09-22T17:27:00,SUCCESS,211.19,NORMAL
FT-TXN-000072,JH05Y9636,FT-000072,Salem Toll Plaza,2026-09-22T13:13:00,SUCCESS,54.04,NORMAL
FT-TXN-000073,PY01CG2929,FT-000073,Chennai Toll Plaza,2026-09-22T09:44:00,SUCCESS,167.0,NORMAL
FT-TXN-000074,BR01BE0777,FT-000074,Tirunelveli Toll Plaza,2026-09-22T19:51:00,EXCEPTION,145.26,NORMAL
FT-TXN-000075,CG04HV7009,FT-000075,Vellore Toll Plaza,2026-09-22T12:51:00,SUCCESS,106.86,NORMAL
FT-TXN-000076,HR26DJ8832,FT-000076,Coimbatore Toll Plaza,2026-09-22T11:52:00,EXCEPTION,197.15,NORMAL
FT-TXN-000077,PB10CQ0006,FT-000077,Madurai Toll Plaza,2026-09-22T19:52:00,SUCCESS,210.54,NORMAL
FT-TXN-000078,DL8CZ7230,FT-000078,Tirunelveli Toll Plaza,2026-09-22T15:06:00,EXCEPTION,121.85,NORMAL
FT-TXN-000079,CG04HC4887,FT-000079,Madurai Toll Plaza,2026-09-22T16:28:00,SUCCESS,90.62,NORMAL
FT-TXN-000080,GJ01RM3413,FT-000080,Trichy Toll Plaza,2026-09-22T09:11:00,SUCCESS,148.78,NORMAL
FT-TXN-000081,AP5CG6320,FT-000081,Madurai Toll Plaza,2026-09-22T08:14:00,SUCCESS,83.34,NORMAL
FT-TXN-000082,PY036993,FT-000082,Vellore Toll Plaza,2026-09-22T13:57:00,SUCCESS,189.05,NORMAL
FT-TXN-000083,PY05A8339,FT-000083,Tirunelveli Toll Plaza,2026-09-22T16:37:00,SUCCESS,167.92,NORMAL
FT-TXN-000084,AS12S6951,FT-000084,Trichy Toll Plaza,2026-09-22T08:58:00,SUCCESS,164.4,NORMAL
FT-TXN-000085,WB02A03017,FT-000085,Thanjavur Toll Plaza,2026-09-22T10:16:00,SUCCESS,167.35,NORMAL
FT-TXN-000086,HR26DM2296,FT-000086,Vellore Toll Plaza,2026-09-22T13:32:00,SUCCESS,60.92,NORMAL
FT-TXN-000087,MH47N0712,FT-000087,Chennai Toll Plaza,2026-09-22T18:32:00,SUCCESS,169.69,NORMAL
FT-TXN-000088,OD02C2836,FT-000088,Thanjavur Toll Plaza,2026-09-22T11:20:00,SUCCESS,119.07,NORMAL
FT-TXN-000089,JK03A8042,FT-000089,Chennai Toll Plaza,2026-09-22T10:01:00,SUCCESS,176.1,NORMAL
FT-TXN-000090,UP78ED0449,FT-000090,Trichy Toll Plaza,2026-09-22T08:02:00,SUCCESS,219.46,NORMAL
FT-TXN-000091,JH10BV1496,FT-000091,Tirunelveli Toll Plaza,2026-09-22T18:05:00,SUCCESS,99.94,NORMAL
FT-TXN-000092,MH04HF5092,FT-000092,Tirunelveli Toll Plaza,2026-09-22T08:56:00,SUCCESS,190.83,NORMAL
FT-TXN-000093,DL1CS8739,FT-000093,Tirunelveli Toll Plaza,2026-09-22T14:35:00,SUCCESS,123.07,NORMAL
FT-TXN-000094,HP23A6365,FT-000094,Tirunelveli Toll Plaza,2026-09-22T15:03:00,EXCEPTION,169.72,NORMAL
FT-TXN-000095,OD14B7432,FT-000095,Coimbatore Toll Plaza,2026-09-22T08:23:00,SUCCESS,150.85,NORMAL
FT-TXN-000096,ML10B4503,FT-000096,Coimbatore Toll Plaza,2026-09-22T14:06:00,SUCCESS,175.16,NORMAL
FT-TXN-000097,GA01E5947,FT-000097,Coimbatore Toll Plaza,2026-09-22T16:02:00,SUCCESS,66.9,NORMAL
FT-TXN-000098,AP2D4014,FT-000098,Chennai Toll Plaza,2026-09-22T11:27:00,SUCCESS,165.77,NORMAL
FT-TXN-000099,PB10EH0164,FT-000099,Tirunelveli Toll Plaza,2026-09-22T14:15:00,SUCCESS,90.16,NORMAL
FT-TXN-000100,ML1032811,FT-000100,Thanjavur Toll Plaza,2026-09-22T12:10:00,SUCCESS,57.7,NORMAL
FT-TXN-000101,GJ05JB6589,FT-000101,Trichy Toll Plaza,2026-09-22T14:42:00,SUCCESS,176.24,NORMAL
FT-TXN-000102,JK13C4452,FT-000102,Trichy Toll Plaza,2026-09-22T13:11:00,SUCCESS,103.28,NORMAL
FT-TXN-000103,JK127959,FT-000103,Coimbatore Toll Plaza,2026-09-22T08:40:00,SUCCESS,159.82,NORMAL
FT-TXN-000104,CG04H5060,FT-000104,Coimbatore Toll Plaza,2026-09-22T13:30:00,SUCCESS,202.13,NORMAL
FT-TXN-000105,WB06J9177,FT-000105,Madurai Toll Plaza,2026-09-22T14:41:00,SUCCESS,159.04,NORMAL
FT-TXN-000106,KA28M3589,FT-000106,Salem Toll Plaza,2026-09-22T08:33:00,SUCCESS,146.53,NORMAL
FT-TXN-000107,TS08EZ9463,FT-000107,Thanjavur Toll Plaza,2026-09-22T19:05:00,SUCCESS,134.37,NORMAL
FT-TXN-000108,DL8CAU6883,FT-000108,Tirunelveli Toll Plaza,2026-09-22T09:56:00,SUCCESS,114.14,NORMAL
FT-TXN-000109,WB02W9S3S,FT-000109,Trichy Toll Plaza,2026-09-22T15:50:00,SUCCESS,88.9,NORMAL
FT-TXN-000110,HR56B2626,FT-000110,Tirunelveli Toll Plaza,2026-09-22T16:01:00,SUCCESS,146.0,NORMAL
FT-TXN-000111,KL0BBJ5001,FT-000111,Thanjavur Toll Plaza,2026-09-22T09:37:00,SUCCESS,58.26,NORMAL
FT-TXN-000112,WB02X8795,FT-000112,Madurai Toll Plaza,2026-09-22T11:50:00,SUCCESS,55.27,NORMAL
FT-TXN-000113,AP16CH9545,FT-000113,Thanjavur Toll Plaza,2026-09-22T11:29:00,SUCCESS,162.69,NORMAL
FT-TXN-000114,AP39TP0211,FT-000114,Chennai Toll Plaza,2026-09-22T09:14:00,SUCCESS,72.64,NORMAL
FT-TXN-000115,AP04M7627,FT-000115,Vellore Toll Plaza,2026-09-22T18:01:00,SUCCESS,166.3,NORMAL
FT-TXN-000116,UP32EC5577,FT-000116,Coimbatore Toll Plaza,2026-09-22T17:53:00,SUCCESS,144.73,NORMAL
FT-TXN-000117,KL45C4411,FT-000117,Tirunelveli Toll Plaza,2026-09-22T13:59:00,SUCCESS,67.44,NORMAL
FT-TXN-000118,AS01AR1986,FT-000118,Trichy Toll Plaza,2026-09-22T15:05:00,SUCCESS,109.85,NORMAL
FT-TXN-000119,BR01BD5042,FT-000119,Trichy Toll Plaza,2026-09-22T14:14:00,SUCCESS,102.63,NORMAL
FT-TXN-000120,AP31BG7827,FT-000120,Tirunelveli Toll Plaza,2026-09-22T15:21:00,SUCCESS,76.88,NORMAL
FT-TXN-000121,AS23H0770,FT-000121,Thanjavur Toll Plaza,2026-09-22T09:52:00,SUCCESS,196.66,NORMAL
FT-TXN-000122,AN01M4M,FT-000122,Thanjavur Toll Plaza,2026-09-22T12:59:00,SUCCESS,127.47,NORMAL
FT-TXN-000123,WB08A4101,FT-000123,Vellore Toll Plaza,2026-09-22T10:41:00,SUCCESS,108.29,NORMAL
FT-TXN-000124,KA04MK312,FT-000124,Trichy Toll Plaza,2026-09-22T12:24:00,EXCEPTION,120.0,NORMAL
FT-TXN-000125,WB061061,FT-000125,Tirunelveli Toll Plaza,2026-09-22T15:48:00,SUCCESS,197.09,NORMAL
FT-TXN-000126,AR048395,FT-000126,Vellore Toll Plaza,2026-09-22T17:26:00,SUCCESS,181.75,NORMAL
FT-TXN-000127,RJ23CB2272,FT-000127,Coimbatore Toll Plaza,2026-09-22T12:21:00,SUCCESS,204.0,NORMAL
FT-TXN-000128,MP45G0872,FT-000128,Madurai Toll Plaza,2026-09-22T14:18:00,SUCCESS,142.1,NORMAL
FT-TXN-000129,KL43G6619,FT-000129,Trichy Toll Plaza,2026-09-22T09:55:00,SUCCESS,182.53,NORMAL
FT-TXN-000130,DL10C05520,FT-000130,Madurai Toll Plaza,2026-09-22T09:15:00,EXCEPTION,200.66,NORMAL
FT-TXN-000131,DN09H0968,FT-000131,Thanjavur Toll Plaza,2026-09-22T16:06:00,SUCCESS,85.8,NORMAL
FT-TXN-000132,MH11CQ8516,FT-000132,Tirunelveli Toll Plaza,2026-09-22T13:41:00,SUCCESS,161.07,NORMAL
FT-TXN-000133,PB11BN6101,FT-000133,Vellore Toll Plaza,2026-09-22T17:35:00,SUCCESS,144.5,NORMAL
FT-TXN-000134,HP54C6564,FT-000134,Madurai Toll Plaza,2026-09-22T15:10:00,EXCEPTION,183.62,NORMAL
FT-TXN-000135,NL02C3947,FT-000135,Thanjavur Toll Plaza,2026-09-22T15:44:00,SUCCESS,166.56,NORMAL
FT-TXN-000136,KA38M8037,FT-000136,Salem Toll Plaza,2026-09-22T10:36:00,SUCCESS,203.74,NORMAL
FT-TXN-000137,DL10CA0986,FT-000137,Tirunelveli Toll Plaza,2026-09-22T17:47:00,SUCCESS,109.68,NORMAL
FT-TXN-000138,UK106679,FT-000138,Coimbatore Toll Plaza,2026-09-22T08:13:00,SUCCESS,206.93,NORMAL
FT-TXN-000139,JK09B7745,FT-000139,Coimbatore Toll Plaza,2026-09-22T09:28:00,SUCCESS,210.59,NORMAL
FT-TXN-000140,HR29R9466,FT-000140,Madurai Toll Plaza,2026-09-22T09:03:00,SUCCESS,63.29,NORMAL
FT-TXN-000141,DL9CAP8884,FT-000141,Tirunelveli Toll Plaza,2026-09-22T09:02:00,SUCCESS,201.82,NORMAL
FT-TXN-000142,PY01CE4149,FT-000142,Thanjavur Toll Plaza,2026-09-22T19:04:00,SUCCESS,88.83,NORMAL
FT-TXN-000143,UK185763,FT-000143,Tirunelveli Toll Plaza,2026-09-22T10:54:00,SUCCESS,184.39,NORMAL
FT-TXN-000144,HP12H1324,FT-000144,Salem Toll Plaza,2026-09-22T12:27:00,SUCCESS,214.11,NORMAL
FT-TXN-000145,CH01AZ2642,FT-000145,Chennai Toll Plaza,2026-09-22T08:34:00,SUCCESS,92.17,NORMAL
FT-TXN-000146,JH02AH0750,FT-000146,Salem Toll Plaza,2026-09-22T10:51:00,SUCCESS,164.44,NORMAL
FT-TXN-000147,UK07055789,FT-000147,Madurai Toll Plaza,2026-09-22T14:08:00,SUCCESS,68.6,NORMAL
FT-TXN-000148,KA51ML4025,FT-000148,Coimbatore Toll Plaza,2026-09-22T15:43:00,SUCCESS,118.83,NORMAL
FT-TXN-000149,WB02AJ4534,FT-000149,Vellore Toll Plaza,2026-09-22T10:59:00,SUCCESS,177.8,NORMAL
FT-TXN-000150,AP31BR9501,FT-000150,Chennai Toll Plaza,2026-09-22T17:50:00,SUCCESS,146.71,NORMAL
FT-TXN-000151,KA53P7604,FT-000151,Coimbatore Toll Plaza,2026-09-22T17:40:00,SUCCESS,111.22,NORMAL
FT-TXN-000152,GA03Y9512,FT-000152,Madurai Toll Plaza,2026-09-22T14:25:00,SUCCESS,169.62,NORMAL
FT-TXN-000153,PB08DT7342,FT-000153,Thanjavur Toll Plaza,2026-09-22T16:03:00,SUCCESS,50.13,NORMAL
FT-TXN-000154,BR33M0001,FT-000154,Salem Toll Plaza,2026-09-22T09:16:00,SUCCESS,217.94,NORMAL
FT-TXN-000155,SK01T3794,FT-000155,Chennai Toll Plaza,2026-09-22T12:10:00,SUCCESS,166.45,NORMAL
FT-TXN-000156,ML04C4738,FT-000156,Chennai Toll Plaza,2026-09-22T12:56:00,SUCCESS,180.47,NORMAL
FT-TXN-000157,PB02DY7380,FT-000157,Thanjavur Toll Plaza,2026-09-22T08:49:00,SUCCESS,101.72,NORMAL
FT-TXN-000158,TN69AJ4455,FT-000158,Trichy Toll Plaza,2026-09-22T17:07:00,SUCCESS,198.93,NORMAL
FT-TXN-000159,GJ01KC9959,FT-000159,Tirunelveli Toll Plaza,2026-09-22T12:14:00,SUCCESS,211.29,NORMAL
FT-TXN-000160,PB10EE0888,FT-000160,Vellore Toll Plaza,2026-09-22T08:55:00,SUCCESS,138.92,NORMAL
FT-TXN-000161,BR01AZ6290,FT-000161,Coimbatore Toll Plaza,2026-09-22T16:38:00,SUCCESS,174.05,NORMAL
FT-TXN-000162,ML137827,FT-000162,Tirunelveli Toll Plaza,2026-09-22T08:00:00,SUCCESS,157.21,NORMAL
FT-TXN-000163,TR05B0308,FT-000163,Chennai Toll Plaza,2026-09-22T11:34:00,SUCCESS,45.13,NORMAL
FT-TXN-000164,HP64B3380,FT-000164,Coimbatore Toll Plaza,2026-09-22T15:32:00,SUCCESS,168.14,NORMAL
FT-TXN-000165,WB171717,FT-000165,Tirunelveli Toll Plaza,2026-09-22T14:01:00,SUCCESS,64.78,NORMAL
FT-TXN-000166,UP78DB3730,FT-000166,Madurai Toll Plaza,2026-09-22T08:15:00,SUCCESS,191.35,NORMAL
FT-TXN-000167,GA02J2129,FT-000167,Coimbatore Toll Plaza,2026-09-22T16:06:00,SUCCESS,206.61,NORMAL
FT-TXN-000168,AP31BL2833,FT-000168,Thanjavur Toll Plaza,2026-09-22T10:43:00,SUCCESS,171.64,NORMAL
FT-TXN-000169,AN01P9687,FT-000169,Chennai Toll Plaza,2026-09-22T10:16:00,SUCCESS,182.46,NORMAL
FT-TXN-000170,AS01BS4362,FT-000170,Trichy Toll Plaza,2026-09-22T17:42:00,SUCCESS,62.71,NORMAL
FT-TXN-000171,HP12C3766,FT-000171,Thanjavur Toll Plaza,2026-09-22T13:47:00,SUCCESS,166.57,NORMAL
FT-TXN-000172,DL3CCK8019,FT-000172,Madurai Toll Plaza,2026-09-22T19:42:00,SUCCESS,200.9,NORMAL
FT-TXN-000173,ML064696,FT-000173,Vellore Toll Plaza,2026-09-22T11:58:00,SUCCESS,58.58,NORMAL
FT-TXN-000174,CG07MA7848,FT-000174,Vellore Toll Plaza,2026-09-22T13:33:00,SUCCESS,58.77,NORMAL
FT-TXN-000175,SK01PA5349,FT-000175,Thanjavur Toll Plaza,2026-09-22T08:56:00,SUCCESS,102.98,NORMAL
FT-TXN-000176,DL1CT2782,FT-000176,Vellore Toll Plaza,2026-09-22T12:16:00,SUCCESS,158.72,NORMAL
FT-TXN-000177,ML05J8950,FT-000177,Madurai Toll Plaza,2026-09-22T09:55:00,SUCCESS,191.65,NORMAL
FT-TXN-000178,ML05G3474,FT-000178,Vellore Toll Plaza,2026-09-22T15:03:00,SUCCESS,74.27,NORMAL
FT-TXN-000179,MZ01G9825,FT-000179,Vellore Toll Plaza,2026-09-22T18:44:00,SUCCESS,102.71,NORMAL
FT-TXN-000180,KA19MF1763,FT-000180,Thanjavur Toll Plaza,2026-09-22T14:51:00,SUCCESS,53.03,NORMAL
FT-TXN-000181,DL40NA7238,FT-000181,Tirunelveli Toll Plaza,2026-09-22T09:54:00,EXCEPTION,152.3,NORMAL
FT-TXN-000182,AS06Z0841,FT-000182,Vellore Toll Plaza,2026-09-22T10:33:00,SUCCESS,87.36,NORMAL
FT-TXN-000183,HR26CC7676,FT-000183,Chennai Toll Plaza,2026-09-22T15:48:00,SUCCESS,166.98,NORMAL
FT-TXN-000184,GJ18BD5216,FT-000184,Coimbatore Toll Plaza,2026-09-22T14:47:00,SUCCESS,158.76,NORMAL
FT-TXN-000185,UP32KW7325,FT-000185,Thanjavur Toll Plaza,2026-09-22T10:39:00,EXCEPTION,201.33,NORMAL
FT-TXN-000186,DL9CAV1739,FT-000186,Chennai Toll Plaza,2026-09-22T14:34:00,SUCCESS,62.9,NORMAL
FT-TXN-000187,WB06J4432,FT-000187,Coimbatore Toll Plaza,2026-09-22T10:07:00,SUCCESS,119.73,NORMAL
FT-TXN-000188,JH01AM0100,FT-000188,Coimbatore Toll Plaza,2026-09-22T13:54:00,SUCCESS,165.45,NORMAL
FT-TXN-000189,JK01AF0310,FT-000189,Thanjavur Toll Plaza,2026-09-22T08:51:00,SUCCESS,163.34,NORMAL
FT-TXN-000190,HP36E3330,FT-000190,Vellore Toll Plaza,2026-09-22T18:25:00,SUCCESS,126.73,NORMAL
FT-TXN-000191,GJ23CC8798,FT-000191,Coimbatore Toll Plaza,2026-09-22T14:02:00,SUCCESS,68.48,NORMAL
FT-TXN-000192,PY01AH9067,FT-000192,Chennai Toll Plaza,2026-09-22T19:40:00,SUCCESS,213.81,NORMAL
FT-TXN-000193,OR05AC0422,FT-000193,Trichy Toll Plaza,2026-09-22T10:02:00,SUCCESS,79.83,NORMAL
FT-TXN-000194,SK05T0338,FT-000194,Chennai Toll Plaza,2026-09-22T18:27:00,SUCCESS,202.9,NORMAL
FT-TXN-000195,OD14E3131,FT-000195,Tirunelveli Toll Plaza,2026-09-22T13:49:00,SUCCESS,162.99,NORMAL
FT-TXN-000196,PB07BY3563,FT-000196,Chennai Toll Plaza,2026-09-22T08:17:00,SUCCESS,145.23,NORMAL
FT-TXN-000197,BR44E1206,FT-000197,Trichy Toll Plaza,2026-09-22T18:25:00,SUCCESS,47.45,NORMAL
FT-TXN-000198,TS09UA7948,FT-000198,Chennai Toll Plaza,2026-09-22T18:29:00,SUCCESS,78.92,NORMAL
FT-TXN-000199,JK11B4928,FT-000199,Vellore Toll Plaza,2026-09-22T10:13:00,SUCCESS,154.79,NORMAL
FT-TXN-000200,KL16U8863,FT-000200,Thanjavur Toll Plaza,2026-09-22T10:24:00,SUCCESS,49.36,NORMAL
FT-TXN-000201,HR01W0080,FT-000201,Tirunelveli Toll Plaza,2026-09-22T13:20:00,SUCCESS,77.25,NORMAL
FT-TXN-000202,ML10C2674,FT-000202,Madurai Toll Plaza,2026-09-22T16:25:00,SUCCESS,166.85,NORMAL
FT-TXN-000203,WB26K2760,FT-000203,Madurai Toll Plaza,2026-09-22T12:01:00,SUCCESS,129.58,NORMAL
FT-TXN-000204,SK01PB5004,FT-000204,Trichy Toll Plaza,2026-09-22T11:11:00,SUCCESS,57.54,NORMAL
FT-TXN-000205,PB10DV5354,FT-000205,Coimbatore Toll Plaza,2026-09-22T08:35:00,SUCCESS,187.6,NORMAL
FT-TXN-000206,UP79L0567,FT-000206,Tirunelveli Toll Plaza,2026-09-22T15:40:00,SUCCESS,72.3,NORMAL
FT-TXN-000207,TR01AS0609,FT-000207,Tirunelveli Toll Plaza,2026-09-22T20:00:00,SUCCESS,158.74,NORMAL
FT-TXN-000208,ML05K9494,FT-000208,Chennai Toll Plaza,2026-09-22T10:22:00,SUCCESS,50.37,NORMAL
FT-TXN-000209,KA05MF1762,FT-000209,Madurai Toll Plaza,2026-09-22T09:53:00,SUCCESS,71.85,NORMAL
FT-TXN-000210,MH12HF5057,FT-000210,Trichy Toll Plaza,2026-09-22T10:51:00,SUCCESS,137.08,NORMAL
FT-TXN-000211,GA06E3855,FT-000211,Chennai Toll Plaza,2026-09-22T16:02:00,SUCCESS,155.94,NORMAL
FT-TXN-000212,AP31TV7236,FT-000212,Vellore Toll Plaza,2026-09-22T11:36:00,SUCCESS,213.29,NORMAL
FT-TXN-000213,AR118724,FT-000213,Tirunelveli Toll Plaza,2026-09-22T11:26:00,SUCCESS,142.95,NORMAL
FT-TXN-000214,WB12AX2987,FT-000214,Coimbatore Toll Plaza,2026-09-22T19:57:00,SUCCESS,73.4,NORMAL
FT-TXN-000215,GA01R6315,FT-000215,Coimbatore Toll Plaza,2026-09-22T08:42:00,SUCCESS,144.69,NORMAL
FT-TXN-000216,GJ34B9811,FT-000216,Trichy Toll Plaza,2026-09-22T09:33:00,SUCCESS,163.17,NORMAL
FT-TXN-000217,JK02AG2454,FT-000217,Salem Toll Plaza,2026-09-22T17:26:00,EXCEPTION,124.87,NORMAL
FT-TXN-000218,TS09EZ9296,FT-000218,Chennai Toll Plaza,2026-09-22T09:22:00,SUCCESS,58.18,NORMAL
FT-TXN-000219,UP32CX3400,FT-000219,Salem Toll Plaza,2026-09-22T17:44:00,SUCCESS,174.43,NORMAL
FT-TXN-000220,HR4281329,FT-000220,Salem Toll Plaza,2026-09-22T18:29:00,SUCCESS,176.97,NORMAL
FT-TXN-000221,TS21J8351,FT-000221,Trichy Toll Plaza,2026-09-22T11:04:00,SUCCESS,63.65,NORMAL
FT-TXN-000222,MH36H5700,FT-000222,Madurai Toll Plaza,2026-09-22T17:49:00,SUCCESS,153.02,NORMAL
FT-TXN-000223,GJ06JE4788,FT-000223,Tirunelveli Toll Plaza,2026-09-22T19:18:00,SUCCESS,132.86,NORMAL
FT-TXN-000224,PY02S9326,FT-000224,Chennai Toll Plaza,2026-09-22T14:25:00,SUCCESS,96.18,NORMAL
FT-TXN-000225,MP07CA5563,FT-000225,Coimbatore Toll Plaza,2026-09-22T09:46:00,SUCCESS,109.51,NORMAL
FT-TXN-000226,JK02BJ4045,FT-000226,Tirunelveli Toll Plaza,2026-09-22T09:20:00,SUCCESS,149.04,NORMAL
FT-TXN-000227,PB11BG7347,FT-000227,Trichy Toll Plaza,2026-09-22T17:57:00,SUCCESS,70.85,NORMAL
FT-TXN-000228,TN19Q0835,FT-000228,Coimbatore Toll Plaza,2026-09-22T19:23:00,SUCCESS,145.47,NORMAL
FT-TXN-000229,UP57H8173,FT-000229,Madurai Toll Plaza,2026-09-22T10:22:00,SUCCESS,181.52,NORMAL
FT-TXN-000230,GA07K7150,FT-000230,Chennai Toll Plaza,2026-09-22T18:51:00,SUCCESS,172.78,NORMAL
FT-TXN-000231,GJ06DQ3712,FT-000231,Thanjavur Toll Plaza,2026-09-22T18:26:00,SUCCESS,94.95,NORMAL
FT-TXN-000232,GJ06DG9355,FT-000232,Tirunelveli Toll Plaza,2026-09-22T14:18:00,SUCCESS,70.2,NORMAL
FT-TXN-000233,JK02BJ7997,FT-000233,Vellore Toll Plaza,2026-09-22T10:44:00,SUCCESS,194.46,NORMAL
FT-TXN-000234,AS23H2866,FT-000234,Vellore Toll Plaza,2026-09-22T19:56:00,SUCCESS,199.92,NORMAL
FT-TXN-000235,WB02AA5580,FT-000235,Vellore Toll Plaza,2026-09-22T12:07:00,SUCCESS,127.98,NORMAL
FT-TXN-000236,CG22AB1111,FT-000236,Chennai Toll Plaza,2026-09-22T17:52:00,SUCCESS,116.84,NORMAL
FT-TXN-000237,MH12KN8366,FT-000237,Madurai Toll Plaza,2026-09-22T13:33:00,SUCCESS,85.05,NORMAL
FT-TXN-000238,AS04X2780,FT-000238,Thanjavur Toll Plaza,2026-09-22T10:09:00,SUCCESS,98.52,NORMAL
FT-TXN-000239,GJ06PA0097,FT-000239,Chennai Toll Plaza,2026-09-22T15:13:00,SUCCESS,89.61,NORMAL
FT-TXN-000240,AP39JJ5441,FT-000240,Trichy Toll Plaza,2026-09-22T12:50:00,SUCCESS,188.04,NORMAL
FT-TXN-000241,GA05B5077,FT-000241,Tirunelveli Toll Plaza,2026-09-22T13:31:00,SUCCESS,208.59,NORMAL
FT-TXN-000242,JH01Z3792,FT-000242,Madurai Toll Plaza,2026-09-22T12:58:00,SUCCESS,48.16,NORMAL
FT-TXN-000243,GA07K6090,FT-000243,Coimbatore Toll Plaza,2026-09-22T13:32:00,SUCCESS,210.12,NORMAL
FT-TXN-000244,JH01DB1881,FT-000244,Chennai Toll Plaza,2026-09-22T08:57:00,EXCEPTION,153.65,NORMAL
FT-TXN-000245,ML04C0056,FT-000245,Madurai Toll Plaza,2026-09-22T14:38:00,SUCCESS,157.41,NORMAL
FT-TXN-000246,AP31DA0020,FT-000246,Chennai Toll Plaza,2026-09-22T17:59:00,SUCCESS,77.75,NORMAL
FT-TXN-000247,MH49AS5099,FT-000247,Madurai Toll Plaza,2026-09-22T08:00:00,SUCCESS,216.35,NORMAL
FT-TXN-000248,KA03NC7167,FT-000248,Chennai Toll Plaza,2026-09-22T11:01:00,SUCCESS,47.46,NORMAL
FT-TXN-000249,HR26BY4812,FT-000249,Salem Toll Plaza,2026-09-22T14:15:00,SUCCESS,209.68,NORMAL
FT-TXN-000250,ML05L5154,FT-000250,Trichy Toll Plaza,2026-09-22T16:30:00,SUCCESS,140.06,NORMAL
FT-TXN-000251,TR01X0482,FT-000251,Salem Toll Plaza,2026-09-22T17:33:00,SUCCESS,145.77,NORMAL
FT-TXN-000252,HR20X8432,FT-000252,Salem Toll Plaza,2026-09-22T14:50:00,SUCCESS,73.43,NORMAL
FT-TXN-000253,DN09D2724,FT-000253,Coimbatore Toll Plaza,2026-09-22T09:53:00,SUCCESS,81.54,NORMAL
FT-TXN-000254,PB08C03690,FT-000254,Trichy Toll Plaza,2026-09-22T10:49:00,SUCCESS,95.44,NORMAL
FT-TXN-000255,CG12AG1130,FT-000255,Tirunelveli Toll Plaza,2026-09-22T17:21:00,SUCCESS,103.31,NORMAL
FT-TXN-000256,ML05D0571,FT-000256,Madurai Toll Plaza,2026-09-22T17:12:00,SUCCESS,106.49,NORMAL
FT-TXN-000257,HR71F9259,FT-000257,Salem Toll Plaza,2026-09-22T10:20:00,SUCCESS,100.08,NORMAL
FT-TXN-000258,OD02L4656,FT-000258,Tirunelveli Toll Plaza,2026-09-22T14:49:00,SUCCESS,148.99,NORMAL
FT-TXN-000259,HR29AS0015,FT-000259,Thanjavur Toll Plaza,2026-09-22T16:53:00,SUCCESS,118.68,NORMAL
FT-TXN-000260,JK05H3594,FT-000260,Trichy Toll Plaza,2026-09-22T19:33:00,SUCCESS,138.89,NORMAL
FT-TXN-000261,AP04BA4464,FT-000261,Salem Toll Plaza,2026-09-22T11:20:00,SUCCESS,97.34,NORMAL
FT-TXN-000262,AR08983,FT-000262,Tirunelveli Toll Plaza,2026-09-22T13:14:00,SUCCESS,77.84,NORMAL
FT-TXN-000263,HP24C8D32,FT-000263,Vellore Toll Plaza,2026-09-22T16:12:00,SUCCESS,213.06,NORMAL
FT-TXN-000264,AP05BY7799,FT-000264,Salem Toll Plaza,2026-09-22T12:31:00,SUCCESS,59.21,NORMAL
FT-TXN-000265,HR51BU8218,FT-000265,Vellore Toll Plaza,2026-09-22T12:52:00,SUCCESS,193.22,NORMAL
FT-TXN-000266,PY02S7828,FT-000266,Vellore Toll Plaza,2026-09-22T16:31:00,SUCCESS,94.04,NORMAL
FT-TXN-000267,UP52AH9705,FT-000267,Coimbatore Toll Plaza,2026-09-22T14:27:00,SUCCESS,59.18,NORMAL
FT-TXN-000268,DN09H2191,FT-000268,Tirunelveli Toll Plaza,2026-09-22T15:51:00,SUCCESS,138.32,NORMAL
FT-TXN-000269,SK01T3835,FT-000269,Madurai Toll Plaza,2026-09-22T10:39:00,SUCCESS,207.03,NORMAL
FT-TXN-000270,ML133317,FT-000270,Madurai Toll Plaza,2026-09-22T12:53:00,SUCCESS,131.76,NORMAL
FT-TXN-000271,TS13EK6213,FT-000271,Tirunelveli Toll Plaza,2026-09-22T15:44:00,SUCCESS,142.91,NORMAL
FT-TXN-000272,JK10A5217,FT-000272,Madurai Toll Plaza,2026-09-22T14:29:00,EXCEPTION,80.5,NORMAL
FT-TXN-000273,DL9CAU4743,FT-000273,Thanjavur Toll Plaza,2026-09-22T09:36:00,SUCCESS,86.21,NORMAL
FT-TXN-000274,PB35F9333,FT-000274,Chennai Toll Plaza,2026-09-22T13:50:00,SUCCESS,108.47,NORMAL
FT-TXN-000275,DN0909704,FT-000275,Chennai Toll Plaza,2026-09-22T18:52:00,SUCCESS,152.03,NORMAL
FT-TXN-000276,CG09JA2359,FT-000276,Chennai Toll Plaza,2026-09-22T10:48:00,SUCCESS,157.37,NORMAL
FT-TXN-000277,KL02AF6723,FT-000277,Vellore Toll Plaza,2026-09-22T08:24:00,SUCCESS,162.66,NORMAL
FT-TXN-000278,KL46R3613,FT-000278,Chennai Toll Plaza,2026-09-22T11:37:00,SUCCESS,178.57,NORMAL
FT-TXN-000279,RJ20UB0137,FT-000279,Trichy Toll Plaza,2026-09-22T08:10:00,EXCEPTION,73.97,NORMAL
FT-TXN-000280,HR09G8378,FT-000280,Trichy Toll Plaza,2026-09-22T12:56:00,SUCCESS,65.2,NORMAL
FT-TXN-000281,HP52B5958,FT-000281,Salem Toll Plaza,2026-09-22T08:13:00,EXCEPTION,192.69,NORMAL
FT-TXN-000282,AS01AT8119,FT-000282,Thanjavur Toll Plaza,2026-09-22T15:08:00,SUCCESS,53.89,NORMAL
FT-TXN-000283,DL4CNA7231,FT-000283,Vellore Toll Plaza,2026-09-22T14:07:00,SUCCESS,110.95,NORMAL
FT-TXN-000284,JK02CC0447,FT-000284,Vellore Toll Plaza,2026-09-22T08:25:00,EXCEPTION,73.63,NORMAL
FT-TXN-000285,DL11CA4900,FT-000285,Trichy Toll Plaza,2026-09-22T17:02:00,SUCCESS,166.83,NORMAL
FT-TXN-000286,JK10A4638,FT-000286,Coimbatore Toll Plaza,2026-09-22T11:06:00,SUCCESS,61.2,NORMAL
FT-TXN-000287,DL3CBS5881,FT-000287,Madurai Toll Plaza,2026-09-22T08:21:00,SUCCESS,109.86,NORMAL
FT-TXN-000288,WB02M8447,FT-000288,Vellore Toll Plaza,2026-09-22T15:37:00,SUCCESS,214.69,NORMAL
FT-TXN-000289,KL34A7564,FT-000289,Chennai Toll Plaza,2026-09-22T14:22:00,SUCCESS,59.66,NORMAL
FT-TXN-000290,TN47T4464,FT-000290,Madurai Toll Plaza,2026-09-22T16:07:00,SUCCESS,112.83,NORMAL
FT-TXN-000291,JH01BX0013,FT-000291,Madurai Toll Plaza,2026-09-22T12:39:00,SUCCESS,66.58,NORMAL
FT-TXN-000292,ML05J3288,FT-000292,Trichy Toll Plaza,2026-09-22T11:38:00,SUCCESS,174.99,NORMAL
FT-TXN-000293,PB65AN2583,FT-000293,Madurai Toll Plaza,2026-09-22T17:27:00,SUCCESS,146.03,NORMAL
FT-TXN-000294,CG07R2684,FT-000294,Salem Toll Plaza,2026-09-22T11:14:00,SUCCESS,176.25,NORMAL
FT-TXN-000295,AS01AN8668,FT-000295,Tirunelveli Toll Plaza,2026-09-22T17:47:00,SUCCESS,200.85,NORMAL
FT-TXN-000296,ML05H1958,FT-000296,Chennai Toll Plaza,2026-09-22T10:44:00,SUCCESS,74.93,NORMAL
FT-TXN-000297,JK11D8143,FT-000297,Coimbatore Toll Plaza,2026-09-22T19:07:00,SUCCESS,61.13,NORMAL
FT-TXN-000298,OD22J9911,FT-000298,Chennai Toll Plaza,2026-09-22T10:23:00,SUCCESS,48.96,NORMAL
FT-TXN-000299,SK04P1320,FT-000299,Tirunelveli Toll Plaza,2026-09-22T08:06:00,SUCCESS,91.59,NORMAL
FT-TXN-000300,CG04HD6930,FT-000300,Chennai Toll Plaza,2026-09-22T19:34:00,SUCCESS,182.48,NORMAL
FT-TXN-000301,UP85BN4203,FT-000301,Salem Toll Plaza,2026-09-22T14:39:00,SUCCESS,206.3,NORMAL
FT-TXN-000302,KA51P7755,FT-000302,Tirunelveli Toll Plaza,2026-09-22T09:44:00,SUCCESS,46.53,NORMAL
FT-TXN-000303,SK01PB3596,FT-000303,Thanjavur Toll Plaza,2026-09-22T10:41:00,SUCCESS,98.67,NORMAL
FT-TXN-000304,OD02J0435,FT-000304,Vellore Toll Plaza,2026-09-22T08:44:00,SUCCESS,126.27,NORMAL
FT-TXN-000305,ML05H6564,FT-000305,Chennai Toll Plaza,2026-09-22T15:24:00,SUCCESS,160.7,NORMAL
FT-TXN-000306,HR29K7840,FT-000306,Vellore Toll Plaza,2026-09-22T14:02:00,SUCCESS,165.75,NORMAL
FT-TXN-000307,WB36G6682,FT-000307,Tirunelveli Toll Plaza,2026-09-22T13:15:00,SUCCESS,48.27,NORMAL
FT-TXN-000308,AS06U1295,FT-000308,Vellore Toll Plaza,2026-09-22T10:06:00,SUCCESS,95.14,NORMAL
FT-TXN-000309,KL03S6394,FT-000309,Madurai Toll Plaza,2026-09-22T14:11:00,SUCCESS,148.56,NORMAL
FT-TXN-000310,AN01D4163,FT-000310,Vellore Toll Plaza,2026-09-22T17:35:00,SUCCESS,104.58,NORMAL
FT-TXN-000311,CG04FJ5834,FT-000311,Chennai Toll Plaza,2026-09-22T14:12:00,SUCCESS,191.15,NORMAL
FT-TXN-000312,HR29AQ4939,FT-000312,Thanjavur Toll Plaza,2026-09-22T10:42:00,SUCCESS,65.97,NORMAL
FT-TXN-000313,UK07AM5665,FT-000313,Chennai Toll Plaza,2026-09-22T13:04:00,EXCEPTION,90.58,NORMAL
FT-TXN-000314,ML08E9223,FT-000314,Vellore Toll Plaza,2026-09-22T15:08:00,EXCEPTION,197.02,NORMAL
FT-TXN-000315,UP70ET7816,FT-000315,Tirunelveli Toll Plaza,2026-09-22T17:40:00,SUCCESS,192.08,NORMAL
FT-TXN-000316,PB13AF6756,FT-000316,Coimbatore Toll Plaza,2026-09-22T11:57:00,SUCCESS,55.85,NORMAL
FT-TXN-000317,OD25F7400,FT-000317,Thanjavur Toll Plaza,2026-09-22T09:04:00,SUCCESS,213.18,NORMAL
FT-TXN-000318,MH48AC6244,FT-000318,Thanjavur Toll Plaza,2026-09-22T10:13:00,SUCCESS,106.48,NORMAL
FT-TXN-000319,NL07T0937,FT-000319,Trichy Toll Plaza,2026-09-22T12:44:00,SUCCESS,72.05,NORMAL
FT-TXN-000320,ML111909,FT-000320,Trichy Toll Plaza,2026-09-22T15:53:00,SUCCESS,129.91,NORMAL
FT-TXN-000321,KA51D9662,FT-000321,Tirunelveli Toll Plaza,2026-09-22T11:15:00,SUCCESS,109.49,NORMAL
FT-TXN-000322,KL07BU7707,FT-000322,Tirunelveli Toll Plaza,2026-09-22T19:23:00,SUCCESS,109.57,NORMAL
FT-TXN-000323,MH04DR8508,FT-000323,Tirunelveli Toll Plaza,2026-09-22T10:25:00,SUCCESS,79.0,NORMAL
FT-TXN-000324,JH09AA2570,FT-000324,Coimbatore Toll Plaza,2026-09-22T18:33:00,SUCCESS,139.47,NORMAL
FT-TXN-000325,AS06Q4437,FT-000325,Thanjavur Toll Plaza,2026-09-22T18:28:00,SUCCESS,179.27,NORMAL
FT-TXN-000326,PB06AN6162,FT-000326,Madurai Toll Plaza,2026-09-22T10:32:00,SUCCESS,164.21,NORMAL
FT-TXN-000327,AP31TP2282,FT-000327,Trichy Toll Plaza,2026-09-22T14:35:00,SUCCESS,63.5,NORMAL
FT-TXN-000328,PB08BF6160,FT-000328,Chennai Toll Plaza,2026-09-22T12:14:00,SUCCESS,212.39,NORMAL
FT-TXN-000329,UP16U3849,FT-000329,Thanjavur Toll Plaza,2026-09-22T18:17:00,SUCCESS,185.87,NORMAL
FT-TXN-000330,DL12CK8643,FT-000330,Chennai Toll Plaza,2026-09-22T17:30:00,SUCCESS,178.33,NORMAL
FT-TXN-000331,TN07BT5778,FT-000331,Coimbatore Toll Plaza,2026-09-22T13:34:00,SUCCESS,67.06,NORMAL
FT-TXN-000332,DL10CH1252,FT-000332,Tirunelveli Toll Plaza,2026-09-22T11:28:00,SUCCESS,195.69,NORMAL
FT-TXN-000333,HP48B2252,FT-000333,Thanjavur Toll Plaza,2026-09-22T19:44:00,EXCEPTION,210.17,NORMAL
FT-TXN-000334,ML05G6098,FT-000334,Tirunelveli Toll Plaza,2026-09-22T10:14:00,SUCCESS,141.55,NORMAL
FT-TXN-000335,GJ09AG8384,FT-000335,Thanjavur Toll Plaza,2026-09-22T12:18:00,SUCCESS,96.51,NORMAL
FT-TXN-000336,HP20E3953,FT-000336,Madurai Toll Plaza,2026-09-22T19:35:00,SUCCESS,66.54,NORMAL
FT-TXN-000337,MP04CL3546,FT-000337,Coimbatore Toll Plaza,2026-09-22T17:54:00,SUCCESS,219.92,NORMAL
FT-TXN-000338,AP16BS4500,FT-000338,Salem Toll Plaza,2026-09-22T15:26:00,SUCCESS,142.6,NORMAL
FT-TXN-000339,CG13AE4060,FT-000339,Vellore Toll Plaza,2026-09-22T19:24:00,SUCCESS,147.49,NORMAL
FT-TXN-000340,GJ05RE8119,FT-000340,Trichy Toll Plaza,2026-09-22T18:55:00,SUCCESS,178.7,NORMAL
FT-TXN-000341,OD01Q4668,FT-000341,Salem Toll Plaza,2026-09-22T09:28:00,SUCCESS,177.17,NORMAL
FT-TXN-000342,UP32BF3577,FT-000342,Chennai Toll Plaza,2026-09-22T09:20:00,SUCCESS,75.39,NORMAL
FT-TXN-000343,AP04AS8753,FT-000343,Chennai Toll Plaza,2026-09-22T11:19:00,SUCCESS,110.72,NORMAL
FT-TXN-000344,DN09C0868,FT-000344,Chennai Toll Plaza,2026-09-22T09:57:00,SUCCESS,134.73,NORMAL
FT-TXN-000345,UP16AJ0704,FT-000345,Thanjavur Toll Plaza,2026-09-22T10:31:00,SUCCESS,191.75,NORMAL
FT-TXN-000346,MP09BD1270,FT-000346,Thanjavur Toll Plaza,2026-09-22T09:11:00,SUCCESS,125.26,NORMAL
FT-TXN-000347,GJ06HS1855,FT-000347,Vellore Toll Plaza,2026-09-22T18:03:00,SUCCESS,114.74,NORMAL
FT-TXN-000348,JK02ACB876,FT-000348,Tirunelveli Toll Plaza,2026-09-22T16:35:00,EXCEPTION,91.58,NORMAL
FT-TXN-000349,HP01A7630,FT-000349,Chennai Toll Plaza,2026-09-22T08:48:00,SUCCESS,182.85,NORMAL
FT-TXN-000350,TS07EL3335,FT-000350,Salem Toll Plaza,2026-09-22T12:52:00,SUCCESS,140.66,NORMAL
FT-TXN-000351,HR26BQ8176,FT-000351,Madurai Toll Plaza,2026-09-22T09:47:00,SUCCESS,50.27,NORMAL
FT-TXN-000352,HP666807,FT-000352,Tirunelveli Toll Plaza,2026-09-22T09:21:00,SUCCESS,189.11,NORMAL
FT-TXN-000353,HP22E8000,FT-000353,Madurai Toll Plaza,2026-09-22T08:30:00,SUCCESS,196.79,NORMAL
FT-TXN-000354,SK01PA2969,FT-000354,Trichy Toll Plaza,2026-09-22T14:20:00,SUCCESS,138.39,NORMAL
FT-TXN-000355,GJ01RA8370,FT-000355,Chennai Toll Plaza,2026-09-22T19:00:00,SUCCESS,110.5,NORMAL
FT-TXN-000356,ML04B8389,FT-000356,Coimbatore Toll Plaza,2026-09-22T17:20:00,SUCCESS,98.31,NORMAL
FT-TXN-000357,HR10AE9885,FT-000357,Vellore Toll Plaza,2026-09-22T15:01:00,SUCCESS,175.08,NORMAL
FT-TXN-000358,AS07AC6653,FT-000358,Tirunelveli Toll Plaza,2026-09-22T13:55:00,SUCCESS,118.58,NORMAL
FT-TXN-000359,NL078440,FT-000359,Chennai Toll Plaza,2026-09-22T13:52:00,SUCCESS,173.17,NORMAL
FT-TXN-000360,RJ14CW4115,FT-000360,Tirunelveli Toll Plaza,2026-09-22T18:07:00,SUCCESS,75.29,NORMAL
FT-TXN-000361,UP14AK8604,FT-000361,Salem Toll Plaza,2026-09-22T12:12:00,SUCCESS,81.28,NORMAL
FT-TXN-000362,TR03H0259,FT-000362,Tirunelveli Toll Plaza,2026-09-22T08:29:00,SUCCESS,148.43,NORMAL
FT-TXN-000363,JK02W2657,FT-000363,Salem Toll Plaza,2026-09-22T09:00:00,SUCCESS,72.1,NORMAL
FT-TXN-000364,HP302165,FT-000364,Trichy Toll Plaza,2026-09-22T16:07:00,SUCCESS,208.18,NORMAL
FT-TXN-000365,DL6CL0457,FT-000365,Madurai Toll Plaza,2026-09-22T14:13:00,SUCCESS,208.06,NORMAL
FT-TXN-000366,KA03MQ6984,FT-000366,Trichy Toll Plaza,2026-09-22T17:46:00,SUCCESS,190.15,NORMAL
FT-TXN-000367,DN09J0032,FT-000367,Trichy Toll Plaza,2026-09-22T16:33:00,SUCCESS,153.29,NORMAL
FT-TXN-000368,PB07BL8058,FT-000368,Salem Toll Plaza,2026-09-22T10:04:00,SUCCESS,107.67,NORMAL
FT-TXN-000369,RJ14CF5807,FT-000369,Chennai Toll Plaza,2026-09-22T13:26:00,SUCCESS,112.64,NORMAL
FT-TXN-000370,CG07BR3255,FT-000370,Salem Toll Plaza,2026-09-22T15:09:00,SUCCESS,190.13,NORMAL
FT-TXN-000371,BR01BR5435,FT-000371,Madurai Toll Plaza,2026-09-22T18:59:00,EXCEPTION,56.68,NORMAL
FT-TXN-000372,TR02L0569,FT-000372,Coimbatore Toll Plaza,2026-09-22T15:40:00,SUCCESS,152.33,NORMAL
FT-TXN-000373,ML069642,FT-000373,Thanjavur Toll Plaza,2026-09-22T12:45:00,SUCCESS,47.23,NORMAL
FT-TXN-000374,MH12FK1392,FT-000374,Salem Toll Plaza,2026-09-22T18:57:00,SUCCESS,169.98,NORMAL
FT-TXN-000375,UP32HY6077,FT-000375,Madurai Toll Plaza,2026-09-22T10:55:00,SUCCESS,61.74,NORMAL
FT-TXN-000376,AP10AS3445,FT-000376,Thanjavur Toll Plaza,2026-09-22T19:32:00,SUCCESS,162.04,NORMAL
FT-TXN-000377,CG07MA2529,FT-000377,Salem Toll Plaza,2026-09-22T13:04:00,SUCCESS,90.8,NORMAL
FT-TXN-000378,OR02BV0701,FT-000378,Tirunelveli Toll Plaza,2026-09-22T15:30:00,SUCCESS,80.58,NORMAL
FT-TXN-000379,JK01AF7715,FT-000379,Thanjavur Toll Plaza,2026-09-22T17:51:00,SUCCESS,112.15,NORMAL
FT-TXN-000380,NL02C6709,FT-000380,Chennai Toll Plaza,2026-09-22T18:25:00,SUCCESS,165.42,NORMAL
FT-TXN-000381,GJ16CH9827,FT-000381,Vellore Toll Plaza,2026-09-22T13:12:00,SUCCESS,59.1,NORMAL
FT-TXN-000382,AS23E0596,FT-000382,Tirunelveli Toll Plaza,2026-09-22T16:13:00,SUCCESS,53.17,NORMAL
FT-TXN-000383,JK072483,FT-000383,Salem Toll Plaza,2026-09-22T10:21:00,SUCCESS,152.67,NORMAL
FT-TXN-000384,AS01DS7523,FT-000384,Tirunelveli Toll Plaza,2026-09-22T15:22:00,SUCCESS,112.08,NORMAL
FT-TXN-000385,PY01BD9020,FT-000385,Coimbatore Toll Plaza,2026-09-22T14:42:00,SUCCESS,92.78,NORMAL
FT-TXN-000386,HR29W8286,FT-000386,Salem Toll Plaza,2026-09-22T13:41:00,SUCCESS,80.01,NORMAL
FT-TXN-000387,MN01G5395,FT-000387,Thanjavur Toll Plaza,2026-09-22T13:31:00,SUCCESS,193.17,NORMAL
FT-TXN-000388,KA25P5080,FT-000388,Salem Toll Plaza,2026-09-22T17:58:00,SUCCESS,174.08,NORMAL
FT-TXN-000389,WB20H0271,FT-000389,Coimbatore Toll Plaza,2026-09-22T14:18:00,SUCCESS,186.83,NORMAL
FT-TXN-000390,TS09EG6565,FT-000390,Coimbatore Toll Plaza,2026-09-22T14:17:00,SUCCESS,137.75,NORMAL
FT-TXN-000391,JK10B2313,FT-000391,Vellore Toll Plaza,2026-09-22T14:28:00,EXCEPTION,166.52,NORMAL
FT-TXN-000392,JK01M4723,FT-000392,Trichy Toll Plaza,2026-09-22T08:30:00,SUCCESS,59.63,NORMAL
FT-TXN-000393,AP318L4935,FT-000393,Vellore Toll Plaza,2026-09-22T13:11:00,SUCCESS,57.94,NORMAL
FT-TXN-000394,PB10CX0209,FT-000394,Trichy Toll Plaza,2026-09-22T14:40:00,SUCCESS,45.82,NORMAL
FT-TXN-000395,AS25S6858,FT-000395,Salem Toll Plaza,2026-09-22T19:03:00,SUCCESS,186.85,NORMAL
FT-TXN-000396,GJ12CG2526,FT-000396,Salem Toll Plaza,2026-09-22T10:10:00,SUCCESS,162.82,NORMAL
FT-TXN-000397,GJ01RS0198,FT-000397,Thanjavur Toll Plaza,2026-09-22T09:31:00,SUCCESS,134.82,NORMAL
FT-TXN-000398,ML08B1100,FT-000398,Vellore Toll Plaza,2026-09-22T17:43:00,SUCCESS,174.34,NORMAL
FT-TXN-000399,RJ20CD5118,FT-000399,Madurai Toll Plaza,2026-09-22T17:22:00,SUCCESS,81.07,NORMAL
FT-TXN-000400,HP01N0304,FT-000400,Salem Toll Plaza,2026-09-22T15:59:00,SUCCESS,149.4,NORMAL
FT-TXN-000401,AP05DY3395,FT-000401,Trichy Toll Plaza,2026-09-22T13:47:00,SUCCESS,130.39,NORMAL
FT-TXN-000402,HP16A2014,FT-000402,Chennai Toll Plaza,2026-09-22T11:18:00,SUCCESS,59.23,NORMAL
FT-TXN-000403,MP65C0654,FT-000403,Coimbatore Toll Plaza,2026-09-22T13:46:00,SUCCESS,164.99,NORMAL
FT-TXN-000404,MN06LA0861,FT-000404,Madurai Toll Plaza,2026-09-22T17:53:00,SUCCESS,69.34,NORMAL
FT-TXN-000405,MH12KY6921,FT-000405,Salem Toll Plaza,2026-09-22T13:34:00,SUCCESS,126.01,NORMAL
FT-TXN-000406,MH12MF6822,FT-000406,Madurai Toll Plaza,2026-09-22T10:38:00,SUCCESS,51.43,NORMAL
FT-TXN-000407,AN01K9412,FT-000407,Coimbatore Toll Plaza,2026-09-22T10:34:00,SUCCESS,112.89,NORMAL
FT-TXN-000408,DL9CAU5573,FT-000408,Trichy Toll Plaza,2026-09-22T09:46:00,SUCCESS,76.99,NORMAL
FT-TXN-000409,ML04B8918,FT-000409,Salem Toll Plaza,2026-09-22T14:11:00,SUCCESS,62.47,NORMAL
FT-TXN-000410,MH12NJ5838,FT-000410,Coimbatore Toll Plaza,2026-09-22T14:10:00,SUCCESS,85.52,NORMAL
FT-TXN-000411,DL12CN8660,FT-000411,Chennai Toll Plaza,2026-09-22T10:27:00,EXCEPTION,145.87,NORMAL
FT-TXN-000412,HR51AQ0911,FT-000412,Thanjavur Toll Plaza,2026-09-22T11:24:00,SUCCESS,115.2,NORMAL
FT-TXN-000413,TN07AP0659,FT-000413,Chennai Toll Plaza,2026-09-22T14:21:00,SUCCESS,145.4,NORMAL
FT-TXN-000414,AP07AN3915,FT-000414,Coimbatore Toll Plaza,2026-09-22T18:57:00,SUCCESS,64.74,NORMAL
FT-TXN-000415,MH05BS3471,FT-000415,Thanjavur Toll Plaza,2026-09-22T10:57:00,SUCCESS,119.76,NORMAL
FT-TXN-000416,JK02AS3888,FT-000416,Salem Toll Plaza,2026-09-22T16:44:00,SUCCESS,176.72,NORMAL
FT-TXN-000417,MP20TA0919,FT-000417,Salem Toll Plaza,2026-09-22T08:17:00,EXCEPTION,219.03,NORMAL
FT-TXN-000418,DL12CJ9823,FT-000418,Thanjavur Toll Plaza,2026-09-22T08:54:00,SUCCESS,101.36,NORMAL
FT-TXN-000419,BR01DG6692,FT-000419,Tirunelveli Toll Plaza,2026-09-22T18:50:00,SUCCESS,52.11,NORMAL
FT-TXN-000420,AS23X5585,FT-000420,Madurai Toll Plaza,2026-09-22T12:12:00,SUCCESS,70.72,NORMAL
FT-TXN-000421,DL2CAX2886,FT-000421,Coimbatore Toll Plaza,2026-09-22T17:11:00,SUCCESS,58.68,NORMAL
FT-TXN-000422,ML06A1659,FT-000422,Coimbatore Toll Plaza,2026-09-22T14:25:00,SUCCESS,113.8,NORMAL
FT-TXN-000423,OR05AN4494,FT-000423,Chennai Toll Plaza,2026-09-22T16:21:00,SUCCESS,197.59,NORMAL
FT-TXN-000424,CH01AF1382,FT-000424,Trichy Toll Plaza,2026-09-22T10:26:00,SUCCESS,68.24,NORMAL
FT-TXN-000425,NL01CB433,FT-000425,Thanjavur Toll Plaza,2026-09-22T12:27:00,SUCCESS,215.62,NORMAL
FT-TXN-000426,AR168272,FT-000426,Salem Toll Plaza,2026-09-22T17:48:00,SUCCESS,178.31,NORMAL
FT-TXN-000427,KA02MF3336,FT-000427,Salem Toll Plaza,2026-09-22T08:27:00,SUCCESS,84.69,NORMAL
FT-TXN-000428,UP45Q3028,FT-000428,Tirunelveli Toll Plaza,2026-09-22T17:42:00,SUCCESS,73.2,NORMAL
FT-TXN-000429,DL9C0S1537,FT-000429,Tirunelveli Toll Plaza,2026-09-22T15:51:00,SUCCESS,90.8,NORMAL
FT-TXN-000430,PY01AP0555,FT-000430,Salem Toll Plaza,2026-09-22T14:50:00,SUCCESS,151.0,NORMAL
FT-TXN-000431,PY055353,FT-000431,Trichy Toll Plaza,2026-09-22T13:56:00,SUCCESS,103.27,NORMAL
FT-TXN-000432,UK07AA2432,FT-000432,Vellore Toll Plaza,2026-09-22T19:17:00,SUCCESS,173.37,NORMAL
FT-TXN-000433,HP2020TR6255G,FT-000433,Chennai Toll Plaza,2026-09-22T13:20:00,SUCCESS,213.91,NORMAL
FT-TXN-000434,BR01BL6628,FT-000434,Chennai Toll Plaza,2026-09-22T11:49:00,SUCCESS,98.08,NORMAL
FT-TXN-000435,PB08DY4824,FT-000435,Tirunelveli Toll Plaza,2026-09-22T13:52:00,SUCCESS,160.13,NORMAL
FT-TXN-000436,WB02AD4162,FT-000436,Chennai Toll Plaza,2026-09-22T13:05:00,SUCCESS,153.33,NORMAL
FT-TXN-000437,JK01R8021,FT-000437,Salem Toll Plaza,2026-09-22T08:17:00,SUCCESS,86.36,NORMAL
FT-TXN-000438,AN01H0908,FT-000438,Trichy Toll Plaza,2026-09-22T09:43:00,SUCCESS,209.22,NORMAL
FT-TXN-000439,BF06P00006,FT-000439,Trichy Toll Plaza,2026-09-22T14:59:00,SUCCESS,45.1,NORMAL
FT-TXN-000440,AR152019,FT-000440,Salem Toll Plaza,2026-09-22T10:10:00,SUCCESS,185.74,NORMAL
FT-TXN-000441,MP09CK4943,FT-000441,Thanjavur Toll Plaza,2026-09-22T19:03:00,SUCCESS,173.65,NORMAL
FT-TXN-000442,AR01F2523,FT-000442,Chennai Toll Plaza,2026-09-22T17:14:00,SUCCESS,118.86,NORMAL
FT-TXN-000443,KA04MK0368,FT-000443,Madurai Toll Plaza,2026-09-22T08:45:00,SUCCESS,172.25,NORMAL
FT-TXN-000444,GJ01RN4259,FT-000444,Madurai Toll Plaza,2026-09-22T08:05:00,SUCCESS,100.37,NORMAL
FT-TXN-000445,CG04HA4553,FT-000445,Salem Toll Plaza,2026-09-22T09:25:00,SUCCESS,129.71,NORMAL
FT-TXN-000446,SK01PA7708,FT-000446,Vellore Toll Plaza,2026-09-22T09:14:00,SUCCESS,106.59,NORMAL
FT-TXN-000447,HR26BK8597,FT-000447,Trichy Toll Plaza,2026-09-22T12:26:00,SUCCESS,126.37,NORMAL
FT-TXN-000448,WB20AG9041,FT-000448,Vellore Toll Plaza,2026-09-22T11:16:00,SUCCESS,161.93,NORMAL
FT-TXN-000449,GA03P2839,FT-000449,Salem Toll Plaza,2026-09-22T08:11:00,SUCCESS,81.39,NORMAL
FT-TXN-000450,HR01H4731,FT-000450,Chennai Toll Plaza,2026-09-22T11:26:00,SUCCESS,59.14,NORMAL
FT-TXN-000451,AS01DG6002,FT-000451,Salem Toll Plaza,2026-09-22T11:48:00,SUCCESS,121.68,NORMAL
FT-TXN-000452,AP39DL3537,FT-000452,Coimbatore Toll Plaza,2026-09-22T13:24:00,SUCCESS,150.07,NORMAL
FT-TXN-000453,OD02V0007,FT-000453,Chennai Toll Plaza,2026-09-22T14:05:00,SUCCESS,217.43,NORMAL
FT-TXN-000454,OD021481,FT-000454,Thanjavur Toll Plaza,2026-09-22T14:47:00,SUCCESS,173.78,NORMAL
FT-TXN-000455,JK02AJ1525,FT-000455,Chennai Toll Plaza,2026-09-22T09:02:00,SUCCESS,120.24,NORMAL
FT-TXN-000456,DL9CAE1359,FT-000456,Thanjavur Toll Plaza,2026-09-22T18:50:00,SUCCESS,85.06,NORMAL
FT-TXN-000457,HR26EJ7668,FT-000457,Salem Toll Plaza,2026-09-22T19:06:00,SUCCESS,152.54,NORMAL
FT-TXN-000458,JH01BC5210,FT-000458,Trichy Toll Plaza,2026-09-22T12:17:00,SUCCESS,87.26,NORMAL
FT-TXN-000459,UP16BD4866,FT-000459,Chennai Toll Plaza,2026-09-22T18:46:00,SUCCESS,164.03,NORMAL
FT-TXN-000460,PY01AW2814,FT-000460,Chennai Toll Plaza,2026-09-22T08:39:00,SUCCESS,162.74,NORMAL
FT-TXN-000461,PB31R8123,FT-000461,Trichy Toll Plaza,2026-09-22T13:43:00,SUCCESS,155.91,NORMAL
FT-TXN-000462,ML05L1434,FT-000462,Vellore Toll Plaza,2026-09-22T18:09:00,SUCCESS,64.72,NORMAL
FT-TXN-000463,DL8CAL4134,FT-000463,Madurai Toll Plaza,2026-09-22T18:19:00,SUCCESS,121.97,NORMAL
FT-TXN-000464,JK02AK8967,FT-000464,Trichy Toll Plaza,2026-09-22T09:54:00,SUCCESS,60.1,NORMAL
FT-TXN-000465,KA01MB9714,FT-000465,Thanjavur Toll Plaza,2026-09-22T19:38:00,SUCCESS,147.67,NORMAL
FT-TXN-000466,GJ7AG4373,FT-000466,Tirunelveli Toll Plaza,2026-09-22T12:59:00,SUCCESS,145.66,NORMAL
FT-TXN-000467,HP719898,FT-000467,Vellore Toll Plaza,2026-09-22T13:48:00,SUCCESS,98.59,NORMAL
FT-TXN-000468,DL4CAM9066,FT-000468,Trichy Toll Plaza,2026-09-22T14:36:00,SUCCESS,103.14,NORMAL
FT-TXN-000469,DL2CH8634,FT-000469,Madurai Toll Plaza,2026-09-22T09:10:00,SUCCESS,86.5,NORMAL
FT-TXN-000470,PB23S8600,FT-000470,Tirunelveli Toll Plaza,2026-09-22T16:16:00,SUCCESS,128.61,NORMAL
FT-TXN-000471,MH05EQ4066,FT-000471,Coimbatore Toll Plaza,2026-09-22T08:09:00,SUCCESS,72.43,NORMAL
FT-TXN-000472,NL07CA7631,FT-000472,Vellore Toll Plaza,2026-09-22T13:32:00,SUCCESS,59.05,NORMAL
FT-TXN-000473,OR08F1001,FT-000473,Madurai Toll Plaza,2026-09-22T17:47:00,SUCCESS,153.29,NORMAL
FT-TXN-000474,MH43X8997,FT-000474,Thanjavur Toll Plaza,2026-09-22T08:10:00,SUCCESS,137.58,NORMAL
FT-TXN-000475,GJ06KP8508,FT-000475,Tirunelveli Toll Plaza,2026-09-22T10:11:00,SUCCESS,172.08,NORMAL
FT-TXN-000476,TS11EQ2914,FT-000476,Thanjavur Toll Plaza,2026-09-22T11:00:00,SUCCESS,68.6,NORMAL
FT-TXN-000477,CG22H7740,FT-000477,Salem Toll Plaza,2026-09-22T12:50:00,SUCCESS,79.82,NORMAL
FT-TXN-000478,DL12CS7886,FT-000478,Vellore Toll Plaza,2026-09-22T09:50:00,SUCCESS,64.12,NORMAL
FT-TXN-000479,TR01E2157,FT-000479,Salem Toll Plaza,2026-09-22T16:14:00,SUCCESS,187.46,NORMAL
FT-TXN-000480,AN01H1689,FT-000480,Vellore Toll Plaza,2026-09-22T14:26:00,SUCCESS,117.85,NORMAL
FT-TXN-000481,CH03K7672,FT-000481,Salem Toll Plaza,2026-09-22T19:59:00,SUCCESS,162.87,NORMAL
FT-TXN-000482,BR01PL7594,FT-000482,Vellore Toll Plaza,2026-09-22T19:16:00,SUCCESS,197.13,NORMAL
FT-TXN-000483,GA03R9230,FT-000483,Madurai Toll Plaza,2026-09-22T12:57:00,SUCCESS,170.9,NORMAL
FT-TXN-000484,CH01AX9090,FT-000484,Coimbatore Toll Plaza,2026-09-22T18:19:00,SUCCESS,61.5,NORMAL
FT-TXN-000485,CH01A09331,FT-000485,Madurai Toll Plaza,2026-09-22T10:57:00,SUCCESS,135.24,NORMAL
FT-TXN-000486,OD33L2616,FT-000486,Chennai Toll Plaza,2026-09-22T12:16:00,SUCCESS,51.45,NORMAL
FT-TXN-000487,AP31BL8656,FT-000487,Chennai Toll Plaza,2026-09-22T10:19:00,SUCCESS,165.01,NORMAL
FT-TXN-000488,MH06AB8620,FT-000488,Tirunelveli Toll Plaza,2026-09-22T10:55:00,SUCCESS,81.91,NORMAL
FT-TXN-000489,GJ01HM5887,FT-000489,Thanjavur Toll Plaza,2026-09-22T18:15:00,SUCCESS,69.23,NORMAL
FT-TXN-000490,MP09CQ9712,FT-000490,Thanjavur Toll Plaza,2026-09-22T09:07:00,SUCCESS,163.8,NORMAL
FT-TXN-000491,AR200692,FT-000491,Vellore Toll Plaza,2026-09-22T19:38:00,SUCCESS,175.39,NORMAL
FT-TXN-000492,JK01AL4613,FT-000492,Coimbatore Toll Plaza,2026-09-22T16:18:00,SUCCESS,52.6,NORMAL
FT-TXN-000493,TN10AR0131,FT-000493,Vellore Toll Plaza,2026-09-22T17:43:00,SUCCESS,100.73,NORMAL
FT-TXN-000494,JK01D8354,FT-000494,Madurai Toll Plaza,2026-09-22T17:19:00,SUCCESS,127.11,NORMAL
FT-TXN-000495,GJ1SCG7928,FT-000495,Coimbatore Toll Plaza,2026-09-22T18:05:00,SUCCESS,134.2,NORMAL
FT-TXN-000496,WB26S5093,FT-000496,Vellore Toll Plaza,2026-09-22T14:02:00,SUCCESS,135.27,NORMAL
FT-TXN-000497,GJ15CB3980,FT-000497,Vellore Toll Plaza,2026-09-22T18:02:00,SUCCESS,190.49,NORMAL
FT-TXN-000498,KL43D4389,FT-000498,Salem Toll Plaza,2026-09-22T08:03:00,SUCCESS,95.55,NORMAL
FT-TXN-000499,CG16B1802,FT-000499,Thanjavur Toll Plaza,2026-09-22T14:33:00,SUCCESS,175.51,NORMAL
FT-TXN-000500,MH01BT7906,FT-000500,Coimbatore Toll Plaza,2026-09-22T10:32:00,SUCCESS,48.1,NORMAL
FT-TXN-000501,TS09EZ9293,FT-000501,Madurai Toll Plaza,2026-09-22T11:35:00,SUCCESS,88.35,NORMAL
FT-TXN-000502,PB37A8269,FT-000502,Tirunelveli Toll Plaza,2026-09-22T11:30:00,SUCCESS,102.23,NORMAL
FT-TXN-000503,UK06CB4595,FT-000503,Vellore Toll Plaza,2026-09-22T19:56:00,SUCCESS,64.35,NORMAL
FT-TXN-000504,NL01T8152,FT-000504,Thanjavur Toll Plaza,2026-09-22T08:17:00,SUCCESS,92.78,NORMAL
FT-TXN-000505,BR7P3952,FT-000505,Trichy Toll Plaza,2026-09-22T11:58:00,SUCCESS,90.98,NORMAL
FT-TXN-000506,MN05A6028,FT-000506,Madurai Toll Plaza,2026-09-22T09:11:00,SUCCESS,132.84,NORMAL
FT-TXN-000507,SK02P1078,FT-000507,Coimbatore Toll Plaza,2026-09-22T17:43:00,SUCCESS,134.29,NORMAL
FT-TXN-000508,GA01C2098,FT-000508,Salem Toll Plaza,2026-09-22T16:56:00,SUCCESS,107.41,NORMAL
FT-TXN-000509,PY02L4602,FT-000509,Coimbatore Toll Plaza,2026-09-22T13:40:00,SUCCESS,103.8,NORMAL
FT-TXN-000510,DL2CAR0108,FT-000510,Vellore Toll Plaza,2026-09-22T15:00:00,SUCCESS,171.26,NORMAL
FT-TXN-000511,UP27Z7322,FT-000511,Madurai Toll Plaza,2026-09-22T09:36:00,SUCCESS,119.13,NORMAL
FT-TXN-000512,UK07BK5014,FT-000512,Salem Toll Plaza,2026-09-22T10:31:00,EXCEPTION,68.92,NORMAL
FT-TXN-000513,MH48AK2798,FT-000513,Chennai Toll Plaza,2026-09-22T12:13:00,SUCCESS,63.76,NORMAL
FT-TXN-000514,OD052323,FT-000514,Coimbatore Toll Plaza,2026-09-22T16:06:00,SUCCESS,217.68,NORMAL
FT-TXN-000515,ML0563550,FT-000515,Tirunelveli Toll Plaza,2026-09-22T11:10:00,SUCCESS,171.87,NORMAL
FT-TXN-000516,KL27D9809,FT-000516,Thanjavur Toll Plaza,2026-09-22T14:23:00,SUCCESS,132.24,NORMAL
FT-TXN-000517,MH05CH1754,FT-000517,Salem Toll Plaza,2026-09-22T13:18:00,SUCCESS,90.94,NORMAL
FT-TXN-000518,ML05R1934,FT-000518,Madurai Toll Plaza,2026-09-22T17:31:00,SUCCESS,206.38,NORMAL
FT-TXN-000519,JK02BN3088,FT-000519,Madurai Toll Plaza,2026-09-22T09:22:00,SUCCESS,140.74,NORMAL
FT-TXN-000520,TS09EA4088,FT-000520,Thanjavur Toll Plaza,2026-09-22T16:32:00,SUCCESS,122.88,NORMAL
FT-TXN-000521,AP39HZ0087,FT-000521,Chennai Toll Plaza,2026-09-22T17:25:00,SUCCESS,155.83,NORMAL
FT-TXN-000522,OD11P6123,FT-000522,Vellore Toll Plaza,2026-09-22T12:18:00,SUCCESS,202.92,NORMAL
FT-TXN-000523,KA01MG1660,FT-000523,Madurai Toll Plaza,2026-09-22T16:30:00,SUCCESS,66.23,NORMAL
FT-TXN-000524,UK08W2276,FT-000524,Vellore Toll Plaza,2026-09-22T13:49:00,SUCCESS,219.23,NORMAL
FT-TXN-000525,GJ01RK2430,FT-000525,Coimbatore Toll Plaza,2026-09-22T17:45:00,SUCCESS,65.42,NORMAL
FT-TXN-000526,WB02AM8548,FT-000526,Vellore Toll Plaza,2026-09-22T19:51:00,SUCCESS,129.15,NORMAL
FT-TXN-000527,AP31CS2511,FT-000527,Trichy Toll Plaza,2026-09-22T17:53:00,SUCCESS,128.13,NORMAL
FT-TXN-000528,MN01K5346,FT-000528,Vellore Toll Plaza,2026-09-22T08:24:00,SUCCESS,119.45,NORMAL
FT-TXN-000529,AS04P4549,FT-000529,Vellore Toll Plaza,2026-09-22T10:46:00,SUCCESS,202.61,NORMAL
FT-TXN-000530,BR06U2470,FT-000530,Salem Toll Plaza,2026-09-22T15:06:00,SUCCESS,82.8,NORMAL
FT-TXN-000531,OD02AP3010,FT-000531,Chennai Toll Plaza,2026-09-22T10:46:00,SUCCESS,150.65,NORMAL
FT-TXN-000532,HP34C8986,FT-000532,Salem Toll Plaza,2026-09-22T17:17:00,SUCCESS,105.13,NORMAL
FT-TXN-000533,KA06C9590,FT-000533,Trichy Toll Plaza,2026-09-22T08:30:00,SUCCESS,49.8,NORMAL
FT-TXN-000534,TN76V1978,FT-000534,Chennai Toll Plaza,2026-09-22T18:31:00,SUCCESS,86.46,NORMAL
FT-TXN-000535,AP31AT5064,FT-000535,Chennai Toll Plaza,2026-09-22T16:13:00,SUCCESS,72.14,NORMAL
FT-TXN-000536,MP08CA6293,FT-000536,Salem Toll Plaza,2026-09-22T11:34:00,SUCCESS,197.07,NORMAL
FT-TXN-000537,WB26T6688,FT-000537,Thanjavur Toll Plaza,2026-09-22T15:38:00,EXCEPTION,157.38,NORMAL
FT-TXN-000538,MH12KJ7659,FT-000538,Madurai Toll Plaza,2026-09-22T12:50:00,SUCCESS,59.39,NORMAL
FT-TXN-000539,GA01S5594,FT-000539,Vellore Toll Plaza,2026-09-22T11:06:00,SUCCESS,64.04,NORMAL
FT-TXN-000540,WB06H2237,FT-000540,Trichy Toll Plaza,2026-09-22T11:09:00,SUCCESS,181.61,NORMAL
FT-TXN-000541,DL5CH7599,FT-000541,Trichy Toll Plaza,2026-09-22T19:52:00,EXCEPTION,55.84,NORMAL
FT-TXN-000542,ML087084,FT-000542,Vellore Toll Plaza,2026-09-22T10:41:00,SUCCESS,61.82,NORMAL
FT-TXN-000543,UP80FA1666,FT-000543,Tirunelveli Toll Plaza,2026-09-22T08:18:00,SUCCESS,147.48,NORMAL
FT-TXN-000544,TN19F0816,FT-000544,Trichy Toll Plaza,2026-09-22T15:49:00,SUCCESS,48.06,NORMAL
FT-TXN-000545,RJ23CB4320,FT-000545,Coimbatore Toll Plaza,2026-09-22T09:02:00,SUCCESS,128.5,NORMAL
FT-TXN-000546,UP14CV7920,FT-000546,Salem Toll Plaza,2026-09-22T13:25:00,SUCCESS,186.03,NORMAL
FT-TXN-000547,WB06G4120,FT-000547,Coimbatore Toll Plaza,2026-09-22T10:21:00,SUCCESS,87.66,NORMAL
FT-TXN-000548,AP31EF1155,FT-000548,Coimbatore Toll Plaza,2026-09-22T13:51:00,SUCCESS,140.27,NORMAL
FT-TXN-000549,JH01AX5392,FT-000549,Vellore Toll Plaza,2026-09-22T14:25:00,SUCCESS,143.08,NORMAL
FT-TXN-000550,AP31DT9378,FT-000550,Chennai Toll Plaza,2026-09-22T18:19:00,SUCCESS,58.77,NORMAL
FT-TXN-000551,AS018P2415,FT-000551,Chennai Toll Plaza,2026-09-22T09:00:00,SUCCESS,137.08,NORMAL
FT-TXN-000552,PB2313752,FT-000552,Chennai Toll Plaza,2026-09-22T13:58:00,SUCCESS,110.1,NORMAL
FT-TXN-000553,AS19D9919,FT-000553,Vellore Toll Plaza,2026-09-22T14:24:00,SUCCESS,106.15,NORMAL
FT-TXN-000554,AP31TV6847,FT-000554,Tirunelveli Toll Plaza,2026-09-22T09:34:00,SUCCESS,85.04,NORMAL
FT-TXN-000555,SK02P3471,FT-000555,Tirunelveli Toll Plaza,2026-09-22T18:03:00,SUCCESS,203.5,NORMAL
FT-TXN-000556,DL6CR7002,FT-000556,Thanjavur Toll Plaza,2026-09-22T14:27:00,SUCCESS,68.58,NORMAL
FT-TXN-000557,PY01CM5400,FT-000557,Salem Toll Plaza,2026-09-22T18:10:00,SUCCESS,117.35,NORMAL
FT-TXN-000558,NL02C9593,FT-000558,Madurai Toll Plaza,2026-09-22T08:37:00,SUCCESS,84.09,NORMAL
FT-TXN-000559,BR03PA3803,FT-000559,Trichy Toll Plaza,2026-09-22T10:44:00,SUCCESS,119.09,NORMAL
FT-TXN-000560,KL43D4444,FT-000560,Salem Toll Plaza,2026-09-22T12:48:00,SUCCESS,83.66,NORMAL
FT-TXN-000561,JH04C7104,FT-000561,Coimbatore Toll Plaza,2026-09-22T15:11:00,SUCCESS,104.27,NORMAL
FT-TXN-000562,DL8CNA1596,FT-000562,Madurai Toll Plaza,2026-09-22T15:09:00,SUCCESS,77.46,NORMAL
FT-TXN-000563,AS01BF9673,FT-000563,Vellore Toll Plaza,2026-09-22T08:22:00,EXCEPTION,117.0,NORMAL
FT-TXN-000564,PY01Q7947,FT-000564,Trichy Toll Plaza,2026-09-22T12:55:00,SUCCESS,180.58,NORMAL
FT-TXN-000565,JK02CD0461,FT-000565,Salem Toll Plaza,2026-09-22T15:54:00,SUCCESS,162.0,NORMAL
FT-TXN-000566,GJ06FK2977,FT-000566,Coimbatore Toll Plaza,2026-09-22T11:19:00,SUCCESS,152.9,NORMAL
FT-TXN-000567,SK01T8791,FT-000567,Tirunelveli Toll Plaza,2026-09-22T15:23:00,SUCCESS,47.91,NORMAL
FT-TXN-000568,OD05Y5787,FT-000568,Coimbatore Toll Plaza,2026-09-22T16:33:00,SUCCESS,137.54,NORMAL
FT-TXN-000569,MP04CL8840,FT-000569,Tirunelveli Toll Plaza,2026-09-22T11:23:00,SUCCESS,102.28,NORMAL
FT-TXN-000570,AR01E1034,FT-000570,Trichy Toll Plaza,2026-09-22T18:31:00,SUCCESS,99.98,NORMAL
FT-TXN-000571,UP53AK1161,FT-000571,Coimbatore Toll Plaza,2026-09-22T08:18:00,SUCCESS,172.03,NORMAL
FT-TXN-000572,GJ01HS1902,FT-000572,Trichy Toll Plaza,2026-09-22T16:27:00,SUCCESS,127.03,NORMAL
FT-TXN-000573,JH05S3291,FT-000573,Trichy Toll Plaza,2026-09-22T18:17:00,SUCCESS,181.59,NORMAL
FT-TXN-000574,MH02DN7410,FT-000574,Salem Toll Plaza,2026-09-22T11:00:00,EXCEPTION,53.31,NORMAL
FT-TXN-000575,TS08FZ8298,FT-000575,Salem Toll Plaza,2026-09-22T11:46:00,SUCCESS,94.81,NORMAL
FT-TXN-000576,JK01AD3147,FT-000576,Thanjavur Toll Plaza,2026-09-22T12:43:00,SUCCESS,157.96,NORMAL
FT-TXN-000577,PY01BU2406,FT-000577,Coimbatore Toll Plaza,2026-09-22T13:33:00,SUCCESS,183.28,NORMAL
FT-TXN-000578,AP26AM1260,FT-000578,Thanjavur Toll Plaza,2026-09-22T17:15:00,SUCCESS,203.95,NORMAL
FT-TXN-000579,AP37EJ2277,FT-000579,Tirunelveli Toll Plaza,2026-09-22T10:08:00,SUCCESS,67.29,NORMAL
FT-TXN-000580,CH01BL3528,FT-000580,Coimbatore Toll Plaza,2026-09-22T10:45:00,SUCCESS,89.62,NORMAL
FT-TXN-000581,CH01AB4559,FT-000581,Madurai Toll Plaza,2026-09-22T18:40:00,SUCCESS,95.59,NORMAL
FT-TXN-000582,RJ14CM3730,FT-000582,Salem Toll Plaza,2026-09-22T08:20:00,SUCCESS,204.65,NORMAL
FT-TXN-000583,JH01AM2354,FT-000583,Salem Toll Plaza,2026-09-22T14:48:00,SUCCESS,190.97,NORMAL
FT-TXN-000584,KA04MG7528,FT-000584,Madurai Toll Plaza,2026-09-22T11:56:00,SUCCESS,47.43,NORMAL
FT-TXN-000585,AS23G2612,FT-000585,Thanjavur Toll Plaza,2026-09-22T18:06:00,SUCCESS,165.29,NORMAL
FT-TXN-000586,GA08M0184,FT-000586,Salem Toll Plaza,2026-09-22T19:00:00,SUCCESS,163.58,NORMAL
FT-TXN-000587,AN01L6155,FT-000587,Salem Toll Plaza,2026-09-22T11:46:00,SUCCESS,172.46,NORMAL
FT-TXN-000588,OD05K6964,FT-000588,Tirunelveli Toll Plaza,2026-09-22T15:49:00,SUCCESS,179.67,NORMAL
FT-TXN-000589,ML10B9308,FT-000589,Thanjavur Toll Plaza,2026-09-22T15:12:00,SUCCESS,79.93,NORMAL
FT-TXN-000590,AP28AT5333,FT-000590,Trichy Toll Plaza,2026-09-22T11:37:00,SUCCESS,48.41,NORMAL
FT-TXN-000591,TS07HM2684,FT-000591,Madurai Toll Plaza,2026-09-22T12:33:00,SUCCESS,153.58,NORMAL
FT-TXN-000592,JH01BU9956,FT-000592,Thanjavur Toll Plaza,2026-09-22T14:33:00,SUCCESS,58.37,NORMAL
FT-TXN-000593,WB70G3763,FT-000593,Salem Toll Plaza,2026-09-22T19:31:00,SUCCESS,105.42,NORMAL
FT-TXN-000594,AP39E1493,FT-000594,Chennai Toll Plaza,2026-09-22T19:48:00,SUCCESS,65.38,NORMAL
FT-TXN-000595,JK1182360,FT-000595,Vellore Toll Plaza,2026-09-22T08:29:00,SUCCESS,163.84,NORMAL
FT-TXN-000596,CH01AP4538,FT-000596,Trichy Toll Plaza,2026-09-22T09:12:00,SUCCESS,213.94,NORMAL
FT-TXN-000597,UP23K0008,FT-000597,Salem Toll Plaza,2026-09-22T15:29:00,SUCCESS,176.58,NORMAL
FT-TXN-000598,LA020749,FT-000598,Vellore Toll Plaza,2026-09-22T13:36:00,SUCCESS,130.18,NORMAL
FT-TXN-000599,TS15ES0894,FT-000599,Trichy Toll Plaza,2026-09-22T16:24:00,EXCEPTION,135.76,NORMAL
FT-TXN-000600,DL8CNA5085,FT-000600,Trichy Toll Plaza,2026-09-22T15:53:00,SUCCESS,77.54,NORMAL
FT-TXN-000601,AP5CG6320,FT-FAKE-0001,Vellore Toll Plaza,2026-09-23T02:20:00,TAG_IDENTITY_MISMATCH,120.0,FASTAG_MISMATCH
FT-TXN-000602,PY036993,FT-FAKE-0002,Vellore Toll Plaza,2026-09-23T02:24:00,TAG_IDENTITY_MISMATCH,120.0,FASTAG_MISMATCH
FT-TXN-000603,PY05A8339,FT-FAKE-0003,Vellore Toll Plaza,2026-09-23T02:28:00,TAG_IDENTITY_MISMATCH,120.0,FASTAG_MISMATCH
FT-TXN-000604,AS12S6951,FT-FAKE-0004,Vellore Toll Plaza,2026-09-23T02:32:00,TAG_IDENTITY_MISMATCH,120.0,FASTAG_MISMATCH
FT-TXN-000605,WB02A03017,FT-FAKE-0005,Vellore Toll Plaza,2026-09-23T02:36:00,TAG_IDENTITY_MISMATCH,120.0,FASTAG_MISMATCH
FT-TXN-000606,HR26DM2296,FT-FAKE-0006,Vellore Toll Plaza,2026-09-23T02:40:00,TAG_IDENTITY_MISMATCH,120.0,FASTAG_MISMATCH
FT-TXN-000607,MH47N0712,FT-FAKE-0007,Vellore Toll Plaza,2026-09-23T02:44:00,TAG_IDENTITY_MISMATCH,120.0,FASTAG_MISMATCH
FT-TXN-000608,OD02C2836,FT-FAKE-0008,Vellore Toll Plaza,2026-09-23T02:48:00,TAG_IDENTITY_MISMATCH,120.0,FASTAG_MISMATCH
FT-TXN-000609,JK03A8042,FT-FAKE-0009,Vellore Toll Plaza,2026-09-23T02:52:00,TAG_IDENTITY_MISMATCH,120.0,FASTAG_MISMATCH
FT-TXN-000610,UP78ED0449,FT-FAKE-0010,Vellore Toll Plaza,2026-09-23T02:56:00,TAG_IDENTITY_MISMATCH,120.0,FASTAG_MISMATCH
FT-TXN-000611,JH10BV1496,FT-FAKE-0011,Vellore Toll Plaza,2026-09-23T03:00:00,TAG_IDENTITY_MISMATCH,120.0,FASTAG_MISMATCH
FT-TXN-000612,MH04HF5092,FT-FAKE-0012,Vellore Toll Plaza,2026-09-23T03:04:00,TAG_IDENTITY_MISMATCH,120.0,FASTAG_MISMATCH
FT-TXN-000613,DL1CS8739,FT-FAKE-0013,Vellore Toll Plaza,2026-09-23T03:08:00,TAG_IDENTITY_MISMATCH,120.0,FASTAG_MISMATCH
FT-TXN-000614,HP23A6365,FT-FAKE-0014,Vellore Toll Plaza,2026-09-23T03:12:00,TAG_IDENTITY_MISMATCH,120.0,FASTAG_MISMATCH
FT-TXN-000615,OD14B7432,FT-FAKE-0015,Vellore Toll Plaza,2026-09-23T03:16:00,TAG_IDENTITY_MISMATCH,120.0,FASTAG_MISMATCH
FT-TXN-000616,ML10B4503,FT-FAKE-0016,Vellore Toll Plaza,2026-09-23T03:20:00,TAG_IDENTITY_MISMATCH,120.0,FASTAG_MISMATCH
FT-TXN-000617,GA01E5947,FT-FAKE-0017,Vellore Toll Plaza,2026-09-23T03:24:00,TAG_IDENTITY_MISMATCH,120.0,FASTAG_MISMATCH
FT-TXN-000618,AP2D4014,FT-FAKE-0018,Vellore Toll Plaza,2026-09-23T03:28:00,TAG_IDENTITY_MISMATCH,120.0,FASTAG_MISMATCH
FT-TXN-000619,PB10EH0164,FT-FAKE-0019,Vellore Toll Plaza,2026-09-23T03:32:00,TAG_IDENTITY_MISMATCH,120.0,FASTAG_MISMATCH
FT-TXN-000620,ML1032811,FT-FAKE-0020,Vellore Toll Plaza,2026-09-23T03:36:00,TAG_IDENTITY_MISMATCH,120.0,FASTAG_MISMATCH
