movement_id,registration_number,from_location,to_location,departure_time,arrival_time,movement_status,scenario
MOV-000001,WB06J2192,ENTRY,Madurai,2026-09-22T09:14:00,2026-09-22T09:44:00,NORMAL,NORMAL
MOV-000002,TR01BG0365,ENTRY,Chennai,2026-09-22T08:36:00,2026-09-22T09:06:00,NORMAL,NORMAL
MOV-000003,AS01AM1419,ENTRY,Chennai,2026-09-22T16:17:00,2026-09-22T16:47:00,NORMAL,NORMAL
MOV-000004,HP40B8992,ENTRY,Vellore,2026-09-22T16:43:00,2026-09-22T17:13:00,NORMAL,NORMAL
MOV-000005,PB02CC7299,ENTRY,Trichy,2026-09-22T12:48:00,2026-09-22T13:18:00,NORMAL,NORMAL
MOV-000006,MH12HN4507,ENTRY,Vellore,2026-09-22T09:27:00,2026-09-22T09:57:00,NORMAL,NORMAL
MOV-000007,PB30L5010,ENTRY,Coimbatore,2026-09-22T08:41:00,2026-09-22T09:11:00,NORMAL,NORMAL
MOV-000008,TS08FQ1262,ENTRY,Salem,2026-09-22T10:09:00,2026-09-22T10:39:00,NORMAL,NORMAL
MOV-000009,TS36H6578,ENTRY,Chennai,2026-09-22T18:10:00,2026-09-22T18:40:00,NORMAL,NORMAL
MOV-000010,ML08C8061,ENTRY,Coimbatore,2026-09-22T07:53:00,2026-09-22T08:23:00,NORMAL,NORMAL
MOV-000011,TS18T3899,ENTRY,Madurai,2026-09-22T13:28:00,2026-09-22T13:58:00,NORMAL,NORMAL
MOV-000012,ML05C5389,ENTRY,Madurai,2026-09-22T11:55:00,2026-09-22T12:25:00,NORMAL,NORMAL
MOV-000013,HP3SG1539,ENTRY,Madurai,2026-09-22T07:39:00,2026-09-22T08:09:00,NORMAL,NORMAL
MOV-000014,ML05F9854,ENTRY,Coimbatore,2026-09-22T09:05:00,2026-09-22T09:35:00,NORMAL,NORMAL
MOV-000015,AR01J0123,ENTRY,Thanjavur,2026-09-22T08:03:00,2026-09-22T08:33:00,NORMAL,NORMAL
MOV-000016,BR01AW1250,ENTRY,Chennai,2026-09-22T13:33:00,2026-09-22T14:03:00,NORMAL,NORMAL
MOV-000017,PB04S4253,ENTRY,Salem,2026-09-22T12:04:00,2026-09-22T12:34:00,NORMAL,NORMAL
MOV-000018,JK02BF5058,ENTRY,Thanjavur,2026-09-22T19:05:00,2026-09-22T19:35:00,NORMAL,NORMAL
MOV-000019,PB04T0678,ENTRY,Chennai,2026-09-22T12:01:00,2026-09-22T12:31:00,NORMAL,NORMAL
MOV-000020,ML05Q8790,ENTRY,Vellore,2026-09-22T14:44:00,2026-09-22T15:14:00,NORMAL,NORMAL
MOV-000021,BR02AF7424,ENTRY,Madurai,2026-09-22T13:25:00,2026-09-22T13:55:00,NORMAL,NORMAL
MOV-000022,CG08K2057,ENTRY,Tirunelveli,2026-09-22T15:10:00,2026-09-22T15:40:00,NORMAL,NORMAL
MOV-000023,AR169723,ENTRY,Thanjavur,2026-09-22T16:54:00,2026-09-22T17:24:00,NORMAL,NORMAL
MOV-000024,KL41M93,ENTRY,Tirunelveli,2026-09-22T08:05:00,2026-09-22T08:35:00,NORMAL,NORMAL
MOV-000025,DL12CL2555,ENTRY,Madurai,2026-09-22T11:23:00,2026-09-22T11:53:00,NORMAL,NORMAL
MOV-000026,JH01AR2011,ENTRY,Chennai,2026-09-22T13:59:00,2026-09-22T14:29:00,NORMAL,NORMAL
MOV-000027,PY01CM9549,ENTRY,Thanjavur,2026-09-22T19:27:00,2026-09-22T19:57:00,NORMAL,NORMAL
MOV-000028,DL4CAQ3231,ENTRY,Salem,2026-09-22T09:43:00,2026-09-22T10:13:00,NORMAL,NORMAL
MOV-000029,JH08C0625,ENTRY,Trichy,2026-09-22T16:51:00,2026-09-22T17:21:00,NORMAL,NORMAL
MOV-000030,CG251612,ENTRY,Trichy,2026-09-22T10:17:00,2026-09-22T10:47:00,NORMAL,NORMAL
MOV-000031,PY01CV2447,ENTRY,Salem,2026-09-22T13:39:00,2026-09-22T14:09:00,NORMAL,NORMAL
MOV-000032,CG07CA7784,ENTRY,Coimbatore,2026-09-22T19:07:00,2026-09-22T19:37:00,NORMAL,NORMAL
MOV-000033,OR21E1033,ENTRY,Tirunelveli,2026-09-22T13:22:00,2026-09-22T13:52:00,NORMAL,NORMAL
MOV-000034,AP310U7562,ENTRY,Thanjavur,2026-09-22T12:03:00,2026-09-22T12:33:00,NORMAL,NORMAL
MOV-000035,TN63BV7954,ENTRY,Salem,2026-09-22T15:11:00,2026-09-22T15:41:00,NORMAL,NORMAL
MOV-000036,JK02BL1212,ENTRY,Coimbatore,2026-09-22T14:14:00,2026-09-22T14:44:00,NORMAL,NORMAL
MOV-000037,TR01N0481,ENTRY,Coimbatore,2026-09-22T16:40:00,2026-09-22T17:10:00,NORMAL,NORMAL
MOV-000038,DL6CJ8404,ENTRY,Tirunelveli,2026-09-22T09:37:00,2026-09-22T10:07:00,NORMAL,NORMAL
MOV-000039,CH01BQ5604,ENTRY,Coimbatore,2026-09-22T12:33:00,2026-09-22T13:03:00,NORMAL,NORMAL
MOV-000040,AP39GR3492,ENTRY,Coimbatore,2026-09-22T07:58:00,2026-09-22T08:28:00,NORMAL,NORMAL
MOV-000041,MN01G0297,ENTRY,Coimbatore,2026-09-22T10:34:00,2026-09-22T11:04:00,NORMAL,NORMAL
MOV-000042,TR07D0569,ENTRY,Trichy,2026-09-22T15:47:00,2026-09-22T16:17:00,NORMAL,NORMAL
MOV-000043,HP12H7917,ENTRY,Coimbatore,2026-09-22T11:18:00,2026-09-22T11:48:00,NORMAL,NORMAL
MOV-000044,UK06J3953,ENTRY,Madurai,2026-09-22T11:28:00,2026-09-22T11:58:00,NORMAL,NORMAL
MOV-000045,DN09J1548,ENTRY,Trichy,2026-09-22T14:50:00,2026-09-22T15:20:00,NORMAL,NORMAL
MOV-000046,JH10S5378,ENTRY,Tirunelveli,2026-09-22T12:33:00,2026-09-22T13:03:00,NORMAL,NORMAL
MOV-000047,GJ18BK6705,ENTRY,Salem,2026-09-22T11:36:00,2026-09-22T12:06:00,NORMAL,NORMAL
MOV-000048,ML068346,ENTRY,Madurai,2026-09-22T10:02:00,2026-09-22T10:32:00,NORMAL,NORMAL
MOV-000049,AS01AL3746,ENTRY,Madurai,2026-09-22T17:23:00,2026-09-22T17:53:00,NORMAL,NORMAL
MOV-000050,ML05F6894,ENTRY,Madurai,2026-09-22T18:56:00,2026-09-22T19:26:00,NORMAL,NORMAL
MOV-000051,SK01PA4521,ENTRY,Chennai,2026-09-22T14:01:00,2026-09-22T14:31:00,NORMAL,NORMAL
MOV-000052,UP14AF3804,ENTRY,Coimbatore,2026-09-22T19:06:00,2026-09-22T19:36:00,NORMAL,NORMAL
MOV-000053,UP11AY0646,ENTRY,Vellore,2026-09-22T13:33:00,2026-09-22T14:03:00,NORMAL,NORMAL
MOV-000054,AP07AD5555,ENTRY,Madurai,2026-09-22T16:44:00,2026-09-22T17:14:00,NORMAL,NORMAL
MOV-000055,AR02A7116,ENTRY,Coimbatore,2026-09-22T07:38:00,2026-09-22T08:08:00,NORMAL,NORMAL
MOV-000056,WB02AH4655,ENTRY,Tirunelveli,2026-09-22T12:15:00,2026-09-22T12:45:00,NORMAL,NORMAL
MOV-000057,UP14AX9754,ENTRY,Trichy,2026-09-22T18:56:00,2026-09-22T19:26:00,NORMAL,NORMAL
MOV-000058,BR32PA6558,ENTRY,Madurai,2026-09-22T08:23:00,2026-09-22T08:53:00,NORMAL,NORMAL
MOV-000059,PB10CK5005,ENTRY,Salem,2026-09-22T11:40:00,2026-09-22T12:10:00,NORMAL,NORMAL
MOV-000060,AP16DP7065,ENTRY,Thanjavur,2026-09-22T10:18:00,2026-09-22T10:48:00,NORMAL,NORMAL
MOV-000061,MP07CB8897,ENTRY,Trichy,2026-09-22T10:20:00,2026-09-22T10:50:00,NORMAL,NORMAL
MOV-000062,MH12GR862,ENTRY,Tirunelveli,2026-09-22T14:34:00,2026-09-22T15:04:00,NORMAL,NORMAL
MOV-000063,JK03D7750,ENTRY,Tirunelveli,2026-09-22T16:03:00,2026-09-22T16:33:00,NORMAL,NORMAL
MOV-000064,JH02AD2533,ENTRY,Trichy,2026-09-22T15:22:00,2026-09-22T15:52:00,NORMAL,NORMAL
MOV-000065,AR01C5723,ENTRY,Vellore,2026-09-22T07:37:00,2026-09-22T08:07:00,NORMAL,NORMAL
MOV-000066,CH01AL4920,ENTRY,Trichy,2026-09-22T10:37:00,2026-09-22T11:07:00,NORMAL,NORMAL
MOV-000067,OR14U8730,ENTRY,Madurai,2026-09-22T16:24:00,2026-09-22T16:54:00,NORMAL,NORMAL
MOV-000068,TR03F0375,ENTRY,Madurai,2026-09-22T09:43:00,2026-09-22T10:13:00,NORMAL,NORMAL
MOV-000069,TN02AU9295,ENTRY,Madurai,2026-09-22T09:59:00,2026-09-22T10:29:00,NORMAL,NORMAL
MOV-000070,AP31DF2833,ENTRY,Vellore,2026-09-22T19:08:00,2026-09-22T19:38:00,NORMAL,NORMAL
MOV-000071,DN0901438,ENTRY,Coimbatore,2026-09-22T16:57:00,2026-09-22T17:27:00,NORMAL,NORMAL
MOV-000072,JH05Y9636,ENTRY,Salem,2026-09-22T12:43:00,2026-09-22T13:13:00,NORMAL,NORMAL
MOV-000073,PY01CG2929,ENTRY,Chennai,2026-09-22T09:14:00,2026-09-22T09:44:00,NORMAL,NORMAL
MOV-000074,BR01BE0777,ENTRY,Tirunelveli,2026-09-22T19:21:00,2026-09-22T19:51:00,NORMAL,NORMAL
MOV-000075,CG04HV7009,ENTRY,Vellore,2026-09-22T12:21:00,2026-09-22T12:51:00,NORMAL,NORMAL
MOV-000076,HR26DJ8832,ENTRY,Coimbatore,2026-09-22T11:22:00,2026-09-22T11:52:00,NORMAL,NORMAL
MOV-000077,PB10CQ0006,ENTRY,Madurai,2026-09-22T19:22:00,2026-09-22T19:52:00,NORMAL,NORMAL
MOV-000078,DL8CZ7230,ENTRY,Tirunelveli,2026-09-22T14:36:00,2026-09-22T15:06:00,NORMAL,NORMAL
MOV-000079,CG04HC4887,ENTRY,Madurai,2026-09-22T15:58:00,2026-09-22T16:28:00,NORMAL,NORMAL
MOV-000080,GJ01RM3413,ENTRY,Trichy,2026-09-22T08:41:00,2026-09-22T09:11:00,NORMAL,NORMAL
MOV-000081,AP5CG6320,ENTRY,Madurai,2026-09-22T07:44:00,2026-09-22T08:14:00,NORMAL,NORMAL
MOV-000082,PY036993,ENTRY,Vellore,2026-09-22T13:27:00,2026-09-22T13:57:00,NORMAL,NORMAL
MOV-000083,PY05A8339,ENTRY,Tirunelveli,2026-09-22T16:07:00,2026-09-22T16:37:00,NORMAL,NORMAL
MOV-000084,AS12S6951,ENTRY,Trichy,2026-09-22T08:28:00,2026-09-22T08:58:00,NORMAL,NORMAL
MOV-000085,WB02A03017,ENTRY,Thanjavur,2026-09-22T09:46:00,2026-09-22T10:16:00,NORMAL,NORMAL
MOV-000086,HR26DM2296,ENTRY,Vellore,2026-09-22T13:02:00,2026-09-22T13:32:00,NORMAL,NORMAL
MOV-000087,MH47N0712,ENTRY,Chennai,2026-09-22T18:02:00,2026-09-22T18:32:00,NORMAL,NORMAL
MOV-000088,OD02C2836,ENTRY,Thanjavur,2026-09-22T10:50:00,2026-09-22T11:20:00,NORMAL,NORMAL
MOV-000089,JK03A8042,ENTRY,Chennai,2026-09-22T09:31:00,2026-09-22T10:01:00,NORMAL,NORMAL
MOV-000090,UP78ED0449,ENTRY,Trichy,2026-09-22T07:32:00,2026-09-22T08:02:00,NORMAL,NORMAL
MOV-000091,JH10BV1496,ENTRY,Tirunelveli,2026-09-22T17:35:00,2026-09-22T18:05:00,NORMAL,NORMAL
MOV-000092,MH04HF5092,ENTRY,Tirunelveli,2026-09-22T08:26:00,2026-09-22T08:56:00,NORMAL,NORMAL
MOV-000093,DL1CS8739,ENTRY,Tirunelveli,2026-09-22T14:05:00,2026-09-22T14:35:00,NORMAL,NORMAL
MOV-000094,HP23A6365,ENTRY,Tirunelveli,2026-09-22T14:33:00,2026-09-22T15:03:00,NORMAL,NORMAL
MOV-000095,OD14B7432,ENTRY,Coimbatore,2026-09-22T07:53:00,2026-09-22T08:23:00,NORMAL,NORMAL
MOV-000096,ML10B4503,ENTRY,Coimbatore,2026-09-22T13:36:00,2026-09-22T14:06:00,NORMAL,NORMAL
MOV-000097,GA01E5947,ENTRY,Coimbatore,2026-09-22T15:32:00,2026-09-22T16:02:00,NORMAL,NORMAL
MOV-000098,AP2D4014,ENTRY,Chennai,2026-09-22T10:57:00,2026-09-22T11:27:00,NORMAL,NORMAL
MOV-000099,PB10EH0164,ENTRY,Tirunelveli,2026-09-22T13:45:00,2026-09-22T14:15:00,NORMAL,NORMAL
MOV-000100,ML1032811,ENTRY,Thanjavur,2026-09-22T11:40:00,2026-09-22T12:10:00,NORMAL,NORMAL
MOV-000101,GJ05JB6589,ENTRY,Trichy,2026-09-22T14:12:00,2026-09-22T14:42:00,NORMAL,NORMAL
MOV-000102,JK13C4452,ENTRY,Trichy,2026-09-22T12:41:00,2026-09-22T13:11:00,NORMAL,NORMAL
MOV-000103,JK127959,ENTRY,Coimbatore,2026-09-22T08:10:00,2026-09-22T08:40:00,NORMAL,NORMAL
MOV-000104,CG04H5060,ENTRY,Coimbatore,2026-09-22T13:00:00,2026-09-22T13:30:00,NORMAL,NORMAL
MOV-000105,WB06J9177,ENTRY,Madurai,2026-09-22T14:11:00,2026-09-22T14:41:00,NORMAL,NORMAL
MOV-000106,KA28M3589,ENTRY,Salem,2026-09-22T08:03:00,2026-09-22T08:33:00,NORMAL,NORMAL
MOV-000107,TS08EZ9463,ENTRY,Thanjavur,2026-09-22T18:35:00,2026-09-22T19:05:00,NORMAL,NORMAL
MOV-000108,DL8CAU6883,ENTRY,Tirunelveli,2026-09-22T09:26:00,2026-09-22T09:56:00,NORMAL,NORMAL
MOV-000109,WB02W9S3S,ENTRY,Trichy,2026-09-22T15:20:00,2026-09-22T15:50:00,NORMAL,NORMAL
MOV-000110,HR56B2626,ENTRY,Tirunelveli,2026-09-22T15:31:00,2026-09-22T16:01:00,NORMAL,NORMAL
MOV-000111,KL0BBJ5001,ENTRY,Thanjavur,2026-09-22T09:07:00,2026-09-22T09:37:00,NORMAL,NORMAL
MOV-000112,WB02X8795,ENTRY,Madurai,2026-09-22T11:20:00,2026-09-22T11:50:00,NORMAL,NORMAL
MOV-000113,AP16CH9545,ENTRY,Thanjavur,2026-09-22T10:59:00,2026-09-22T11:29:00,NORMAL,NORMAL
MOV-000114,AP39TP0211,ENTRY,Chennai,2026-09-22T08:44:00,2026-09-22T09:14:00,NORMAL,NORMAL
MOV-000115,AP04M7627,ENTRY,Vellore,2026-09-22T17:31:00,2026-09-22T18:01:00,NORMAL,NORMAL
MOV-000116,UP32EC5577,ENTRY,Coimbatore,2026-09-22T17:23:00,2026-09-22T17:53:00,NORMAL,NORMAL
MOV-000117,KL45C4411,ENTRY,Tirunelveli,2026-09-22T13:29:00,2026-09-22T13:59:00,NORMAL,NORMAL
MOV-000118,AS01AR1986,ENTRY,Trichy,2026-09-22T14:35:00,2026-09-22T15:05:00,NORMAL,NORMAL
MOV-000119,BR01BD5042,ENTRY,Trichy,2026-09-22T13:44:00,2026-09-22T14:14:00,NORMAL,NORMAL
MOV-000120,AP31BG7827,ENTRY,Tirunelveli,2026-09-22T14:51:00,2026-09-22T15:21:00,NORMAL,NORMAL
MOV-000121,AS23H0770,ENTRY,Thanjavur,2026-09-22T09:22:00,2026-09-22T09:52:00,NORMAL,NORMAL
MOV-000122,AN01M4M,ENTRY,Thanjavur,2026-09-22T12:29:00,2026-09-22T12:59:00,NORMAL,NORMAL
MOV-000123,WB08A4101,ENTRY,Vellore,2026-09-22T10:11:00,2026-09-22T10:41:00,NORMAL,NORMAL
MOV-000124,KA04MK312,ENTRY,Trichy,2026-09-22T11:54:00,2026-09-22T12:24:00,NORMAL,NORMAL
MOV-000125,WB061061,ENTRY,Tirunelveli,2026-09-22T15:18:00,2026-09-22T15:48:00,NORMAL,NORMAL
MOV-000126,AR048395,ENTRY,Vellore,2026-09-22T16:56:00,2026-09-22T17:26:00,NORMAL,NORMAL
MOV-000127,RJ23CB2272,ENTRY,Coimbatore,2026-09-22T11:51:00,2026-09-22T12:21:00,NORMAL,NORMAL
MOV-000128,MP45G0872,ENTRY,Madurai,2026-09-22T13:48:00,2026-09-22T14:18:00,NORMAL,NORMAL
MOV-000129,KL43G6619,ENTRY,Trichy,2026-09-22T09:25:00,2026-09-22T09:55:00,NORMAL,NORMAL
MOV-000130,DL10C05520,ENTRY,Madurai,2026-09-22T08:45:00,2026-09-22T09:15:00,NORMAL,NORMAL
MOV-000131,DN09H0968,ENTRY,Thanjavur,2026-09-22T15:36:00,2026-09-22T16:06:00,NORMAL,NORMAL
MOV-000132,MH11CQ8516,ENTRY,Tirunelveli,2026-09-22T13:11:00,2026-09-22T13:41:00,NORMAL,NORMAL
MOV-000133,PB11BN6101,ENTRY,Vellore,2026-09-22T17:05:00,2026-09-22T17:35:00,NORMAL,NORMAL
MOV-000134,HP54C6564,ENTRY,Madurai,2026-09-22T14:40:00,2026-09-22T15:10:00,NORMAL,NORMAL
MOV-000135,NL02C3947,ENTRY,Thanjavur,2026-09-22T15:14:00,2026-09-22T15:44:00,NORMAL,NORMAL
MOV-000136,KA38M8037,ENTRY,Salem,2026-09-22T10:06:00,2026-09-22T10:36:00,NORMAL,NORMAL
MOV-000137,DL10CA0986,ENTRY,Tirunelveli,2026-09-22T17:17:00,2026-09-22T17:47:00,NORMAL,NORMAL
MOV-000138,UK106679,ENTRY,Coimbatore,2026-09-22T07:43:00,2026-09-22T08:13:00,NORMAL,NORMAL
MOV-000139,JK09B7745,ENTRY,Coimbatore,2026-09-22T08:58:00,2026-09-22T09:28:00,NORMAL,NORMAL
MOV-000140,HR29R9466,ENTRY,Madurai,2026-09-22T08:33:00,2026-09-22T09:03:00,NORMAL,NORMAL
MOV-000141,DL9CAP8884,ENTRY,Tirunelveli,2026-09-22T08:32:00,2026-09-22T09:02:00,NORMAL,NORMAL
MOV-000142,PY01CE4149,ENTRY,Thanjavur,2026-09-22T18:34:00,2026-09-22T19:04:00,NORMAL,NORMAL
MOV-000143,UK185763,ENTRY,Tirunelveli,2026-09-22T10:24:00,2026-09-22T10:54:00,NORMAL,NORMAL
MOV-000144,HP12H1324,ENTRY,Salem,2026-09-22T11:57:00,2026-09-22T12:27:00,NORMAL,NORMAL
MOV-000145,CH01AZ2642,ENTRY,Chennai,2026-09-22T08:04:00,2026-09-22T08:34:00,NORMAL,NORMAL
MOV-000146,JH02AH0750,ENTRY,Salem,2026-09-22T10:21:00,2026-09-22T10:51:00,NORMAL,NORMAL
MOV-000147,UK07055789,ENTRY,Madurai,2026-09-22T13:38:00,2026-09-22T14:08:00,NORMAL,NORMAL
MOV-000148,KA51ML4025,ENTRY,Coimbatore,2026-09-22T15:13:00,2026-09-22T15:43:00,NORMAL,NORMAL
MOV-000149,WB02AJ4534,ENTRY,Vellore,2026-09-22T10:29:00,2026-09-22T10:59:00,NORMAL,NORMAL
MOV-000150,AP31BR9501,ENTRY,Chennai,2026-09-22T17:20:00,2026-09-22T17:50:00,NORMAL,NORMAL
MOV-000151,KA53P7604,ENTRY,Coimbatore,2026-09-22T17:10:00,2026-09-22T17:40:00,NORMAL,NORMAL
MOV-000152,GA03Y9512,ENTRY,Madurai,2026-09-22T13:55:00,2026-09-22T14:25:00,NORMAL,NORMAL
MOV-000153,PB08DT7342,ENTRY,Thanjavur,2026-09-22T15:33:00,2026-09-22T16:03:00,NORMAL,NORMAL
MOV-000154,BR33M0001,ENTRY,Salem,2026-09-22T08:46:00,2026-09-22T09:16:00,NORMAL,NORMAL
MOV-000155,SK01T3794,ENTRY,Chennai,2026-09-22T11:40:00,2026-09-22T12:10:00,NORMAL,NORMAL
MOV-000156,ML04C4738,ENTRY,Chennai,2026-09-22T12:26:00,2026-09-22T12:56:00,NORMAL,NORMAL
MOV-000157,PB02DY7380,ENTRY,Thanjavur,2026-09-22T08:19:00,2026-09-22T08:49:00,NORMAL,NORMAL
MOV-000158,TN69AJ4455,ENTRY,Trichy,2026-09-22T16:37:00,2026-09-22T17:07:00,NORMAL,NORMAL
MOV-000159,GJ01KC9959,ENTRY,Tirunelveli,2026-09-22T11:44:00,2026-09-22T12:14:00,NORMAL,NORMAL
MOV-000160,PB10EE0888,ENTRY,Vellore,2026-09-22T08:25:00,2026-09-22T08:55:00,NORMAL,NORMAL
MOV-000161,BR01AZ6290,ENTRY,Coimbatore,2026-09-22T16:08:00,2026-09-22T16:38:00,NORMAL,NORMAL
MOV-000162,ML137827,ENTRY,Tirunelveli,2026-09-22T07:30:00,2026-09-22T08:00:00,NORMAL,NORMAL
MOV-000163,TR05B0308,ENTRY,Chennai,2026-09-22T11:04:00,2026-09-22T11:34:00,NORMAL,NORMAL
MOV-000164,HP64B3380,ENTRY,Coimbatore,2026-09-22T15:02:00,2026-09-22T15:32:00,NORMAL,NORMAL
MOV-000165,WB171717,ENTRY,Tirunelveli,2026-09-22T13:31:00,2026-09-22T14:01:00,NORMAL,NORMAL
MOV-000166,UP78DB3730,ENTRY,Madurai,2026-09-22T07:45:00,2026-09-22T08:15:00,NORMAL,NORMAL
MOV-000167,GA02J2129,ENTRY,Coimbatore,2026-09-22T15:36:00,2026-09-22T16:06:00,NORMAL,NORMAL
MOV-000168,AP31BL2833,ENTRY,Thanjavur,2026-09-22T10:13:00,2026-09-22T10:43:00,NORMAL,NORMAL
MOV-000169,AN01P9687,ENTRY,Chennai,2026-09-22T09:46:00,2026-09-22T10:16:00,NORMAL,NORMAL
MOV-000170,AS01BS4362,ENTRY,Trichy,2026-09-22T17:12:00,2026-09-22T17:42:00,NORMAL,NORMAL
MOV-000171,HP12C3766,ENTRY,Thanjavur,2026-09-22T13:17:00,2026-09-22T13:47:00,NORMAL,NORMAL
MOV-000172,DL3CCK8019,ENTRY,Madurai,2026-09-22T19:12:00,2026-09-22T19:42:00,NORMAL,NORMAL
MOV-000173,ML064696,ENTRY,Vellore,2026-09-22T11:28:00,2026-09-22T11:58:00,NORMAL,NORMAL
MOV-000174,CG07MA7848,ENTRY,Vellore,2026-09-22T13:03:00,2026-09-22T13:33:00,NORMAL,NORMAL
MOV-000175,SK01PA5349,ENTRY,Thanjavur,2026-09-22T08:26:00,2026-09-22T08:56:00,NORMAL,NORMAL
MOV-000176,DL1CT2782,ENTRY,Vellore,2026-09-22T11:46:00,2026-09-22T12:16:00,NORMAL,NORMAL
MOV-000177,ML05J8950,ENTRY,Madurai,2026-09-22T09:25:00,2026-09-22T09:55:00,NORMAL,NORMAL
MOV-000178,ML05G3474,ENTRY,Vellore,2026-09-22T14:33:00,2026-09-22T15:03:00,NORMAL,NORMAL
MOV-000179,MZ01G9825,ENTRY,Vellore,2026-09-22T18:14:00,2026-09-22T18:44:00,NORMAL,NORMAL
MOV-000180,KA19MF1763,ENTRY,Thanjavur,2026-09-22T14:21:00,2026-09-22T14:51:00,NORMAL,NORMAL
MOV-000181,DL40NA7238,ENTRY,Tirunelveli,2026-09-22T09:24:00,2026-09-22T09:54:00,NORMAL,NORMAL
MOV-000182,AS06Z0841,ENTRY,Vellore,2026-09-22T10:03:00,2026-09-22T10:33:00,NORMAL,NORMAL
MOV-000183,HR26CC7676,ENTRY,Chennai,2026-09-22T15:18:00,2026-09-22T15:48:00,NORMAL,NORMAL
MOV-000184,GJ18BD5216,ENTRY,Coimbatore,2026-09-22T14:17:00,2026-09-22T14:47:00,NORMAL,NORMAL
MOV-000185,UP32KW7325,ENTRY,Thanjavur,2026-09-22T10:09:00,2026-09-22T10:39:00,NORMAL,NORMAL
MOV-000186,DL9CAV1739,ENTRY,Chennai,2026-09-22T14:04:00,2026-09-22T14:34:00,NORMAL,NORMAL
MOV-000187,WB06J4432,ENTRY,Coimbatore,2026-09-22T09:37:00,2026-09-22T10:07:00,NORMAL,NORMAL
MOV-000188,JH01AM0100,ENTRY,Coimbatore,2026-09-22T13:24:00,2026-09-22T13:54:00,NORMAL,NORMAL
MOV-000189,JK01AF0310,ENTRY,Thanjavur,2026-09-22T08:21:00,2026-09-22T08:51:00,NORMAL,NORMAL
MOV-000190,HP36E3330,ENTRY,Vellore,2026-09-22T17:55:00,2026-09-22T18:25:00,NORMAL,NORMAL
MOV-000191,GJ23CC8798,ENTRY,Coimbatore,2026-09-22T13:32:00,2026-09-22T14:02:00,NORMAL,NORMAL
MOV-000192,PY01AH9067,ENTRY,Chennai,2026-09-22T19:10:00,2026-09-22T19:40:00,NORMAL,NORMAL
MOV-000193,OR05AC0422,ENTRY,Trichy,2026-09-22T09:32:00,2026-09-22T10:02:00,NORMAL,NORMAL
MOV-000194,SK05T0338,ENTRY,Chennai,2026-09-22T17:57:00,2026-09-22T18:27:00,NORMAL,NORMAL
MOV-000195,OD14E3131,ENTRY,Tirunelveli,2026-09-22T13:19:00,2026-09-22T13:49:00,NORMAL,NORMAL
MOV-000196,PB07BY3563,ENTRY,Chennai,2026-09-22T07:47:00,2026-09-22T08:17:00,NORMAL,NORMAL
MOV-000197,BR44E1206,ENTRY,Trichy,2026-09-22T17:55:00,2026-09-22T18:25:00,NORMAL,NORMAL
MOV-000198,TS09UA7948,ENTRY,Chennai,2026-09-22T17:59:00,2026-09-22T18:29:00,NORMAL,NORMAL
MOV-000199,JK11B4928,ENTRY,Vellore,2026-09-22T09:43:00,2026-09-22T10:13:00,NORMAL,NORMAL
MOV-000200,KL16U8863,ENTRY,Thanjavur,2026-09-22T09:54:00,2026-09-22T10:24:00,NORMAL,NORMAL
MOV-000201,HR01W0080,ENTRY,Tirunelveli,2026-09-22T12:50:00,2026-09-22T13:20:00,NORMAL,NORMAL
MOV-000202,ML10C2674,ENTRY,Madurai,2026-09-22T15:55:00,2026-09-22T16:25:00,NORMAL,NORMAL
MOV-000203,WB26K2760,ENTRY,Madurai,2026-09-22T11:31:00,2026-09-22T12:01:00,NORMAL,NORMAL
MOV-000204,SK01PB5004,ENTRY,Trichy,2026-09-22T10:41:00,2026-09-22T11:11:00,NORMAL,NORMAL
MOV-000205,PB10DV5354,ENTRY,Coimbatore,2026-09-22T08:05:00,2026-09-22T08:35:00,NORMAL,NORMAL
MOV-000206,UP79L0567,ENTRY,Tirunelveli,2026-09-22T15:10:00,2026-09-22T15:40:00,NORMAL,NORMAL
MOV-000207,TR01AS0609,ENTRY,Tirunelveli,2026-09-22T19:30:00,2026-09-22T20:00:00,NORMAL,NORMAL
MOV-000208,ML05K9494,ENTRY,Chennai,2026-09-22T09:52:00,2026-09-22T10:22:00,NORMAL,NORMAL
MOV-000209,KA05MF1762,ENTRY,Madurai,2026-09-22T09:23:00,2026-09-22T09:53:00,NORMAL,NORMAL
MOV-000210,MH12HF5057,ENTRY,Trichy,2026-09-22T10:21:00,2026-09-22T10:51:00,NORMAL,NORMAL
MOV-000211,GA06E3855,ENTRY,Chennai,2026-09-22T15:32:00,2026-09-22T16:02:00,NORMAL,NORMAL
MOV-000212,AP31TV7236,ENTRY,Vellore,2026-09-22T11:06:00,2026-09-22T11:36:00,NORMAL,NORMAL
MOV-000213,AR118724,ENTRY,Tirunelveli,2026-09-22T10:56:00,2026-09-22T11:26:00,NORMAL,NORMAL
MOV-000214,WB12AX2987,ENTRY,Coimbatore,2026-09-22T19:27:00,2026-09-22T19:57:00,NORMAL,NORMAL
MOV-000215,GA01R6315,ENTRY,Coimbatore,2026-09-22T08:12:00,2026-09-22T08:42:00,NORMAL,NORMAL
MOV-000216,GJ34B9811,ENTRY,Trichy,2026-09-22T09:03:00,2026-09-22T09:33:00,NORMAL,NORMAL
MOV-000217,JK02AG2454,ENTRY,Salem,2026-09-22T16:56:00,2026-09-22T17:26:00,NORMAL,NORMAL
MOV-000218,TS09EZ9296,ENTRY,Chennai,2026-09-22T08:52:00,2026-09-22T09:22:00,NORMAL,NORMAL
MOV-000219,UP32CX3400,ENTRY,Salem,2026-09-22T17:14:00,2026-09-22T17:44:00,NORMAL,NORMAL
MOV-000220,HR4281329,ENTRY,Salem,2026-09-22T17:59:00,2026-09-22T18:29:00,NORMAL,NORMAL
MOV-000221,TS21J8351,ENTRY,Trichy,2026-09-22T10:34:00,2026-09-22T11:04:00,NORMAL,NORMAL
MOV-000222,MH36H5700,ENTRY,Madurai,2026-09-22T17:19:00,2026-09-22T17:49:00,NORMAL,NORMAL
MOV-000223,GJ06JE4788,ENTRY,Tirunelveli,2026-09-22T18:48:00,2026-09-22T19:18:00,NORMAL,NORMAL
MOV-000224,PY02S9326,ENTRY,Chennai,2026-09-22T13:55:00,2026-09-22T14:25:00,NORMAL,NORMAL
MOV-000225,MP07CA5563,ENTRY,Coimbatore,2026-09-22T09:16:00,2026-09-22T09:46:00,NORMAL,NORMAL
MOV-000226,JK02BJ4045,ENTRY,Tirunelveli,2026-09-22T08:50:00,2026-09-22T09:20:00,NORMAL,NORMAL
MOV-000227,PB11BG7347,ENTRY,Trichy,2026-09-22T17:27:00,2026-09-22T17:57:00,NORMAL,NORMAL
MOV-000228,TN19Q0835,ENTRY,Coimbatore,2026-09-22T18:53:00,2026-09-22T19:23:00,NORMAL,NORMAL
MOV-000229,UP57H8173,ENTRY,Madurai,2026-09-22T09:52:00,2026-09-22T10:22:00,NORMAL,NORMAL
MOV-000230,GA07K7150,ENTRY,Chennai,2026-09-22T18:21:00,2026-09-22T18:51:00,NORMAL,NORMAL
MOV-000231,GJ06DQ3712,ENTRY,Thanjavur,2026-09-22T17:56:00,2026-09-22T18:26:00,NORMAL,NORMAL
MOV-000232,GJ06DG9355,ENTRY,Tirunelveli,2026-09-22T13:48:00,2026-09-22T14:18:00,NORMAL,NORMAL
MOV-000233,JK02BJ7997,ENTRY,Vellore,2026-09-22T10:14:00,2026-09-22T10:44:00,NORMAL,NORMAL
MOV-000234,AS23H2866,ENTRY,Vellore,2026-09-22T19:26:00,2026-09-22T19:56:00,NORMAL,NORMAL
MOV-000235,WB02AA5580,ENTRY,Vellore,2026-09-22T11:37:00,2026-09-22T12:07:00,NORMAL,NORMAL
MOV-000236,CG22AB1111,ENTRY,Chennai,2026-09-22T17:22:00,2026-09-22T17:52:00,NORMAL,NORMAL
MOV-000237,MH12KN8366,ENTRY,Madurai,2026-09-22T13:03:00,2026-09-22T13:33:00,NORMAL,NORMAL
MOV-000238,AS04X2780,ENTRY,Thanjavur,2026-09-22T09:39:00,2026-09-22T10:09:00,NORMAL,NORMAL
MOV-000239,GJ06PA0097,ENTRY,Chennai,2026-09-22T14:43:00,2026-09-22T15:13:00,NORMAL,NORMAL
MOV-000240,AP39JJ5441,ENTRY,Trichy,2026-09-22T12:20:00,2026-09-22T12:50:00,NORMAL,NORMAL
MOV-000241,GA05B5077,ENTRY,Tirunelveli,2026-09-22T13:01:00,2026-09-22T13:31:00,NORMAL,NORMAL
MOV-000242,JH01Z3792,ENTRY,Madurai,2026-09-22T12:28:00,2026-09-22T12:58:00,NORMAL,NORMAL
MOV-000243,GA07K6090,ENTRY,Coimbatore,2026-09-22T13:02:00,2026-09-22T13:32:00,NORMAL,NORMAL
MOV-000244,JH01DB1881,ENTRY,Chennai,2026-09-22T08:27:00,2026-09-22T08:57:00,NORMAL,NORMAL
MOV-000245,ML04C0056,ENTRY,Madurai,2026-09-22T14:08:00,2026-09-22T14:38:00,NORMAL,NORMAL
MOV-000246,AP31DA0020,ENTRY,Chennai,2026-09-22T17:29:00,2026-09-22T17:59:00,NORMAL,NORMAL
MOV-000247,MH49AS5099,ENTRY,Madurai,2026-09-22T07:30:00,2026-09-22T08:00:00,NORMAL,NORMAL
MOV-000248,KA03NC7167,ENTRY,Chennai,2026-09-22T10:31:00,2026-09-22T11:01:00,NORMAL,NORMAL
MOV-000249,HR26BY4812,ENTRY,Salem,2026-09-22T13:45:00,2026-09-22T14:15:00,NORMAL,NORMAL
MOV-000250,ML05L5154,ENTRY,Trichy,2026-09-22T16:00:00,2026-09-22T16:30:00,NORMAL,NORMAL
MOV-000251,TR01X0482,ENTRY,Salem,2026-09-22T17:03:00,2026-09-22T17:33:00,NORMAL,NORMAL
MOV-000252,HR20X8432,ENTRY,Salem,2026-09-22T14:20:00,2026-09-22T14:50:00,NORMAL,NORMAL
MOV-000253,DN09D2724,ENTRY,Coimbatore,2026-09-22T09:23:00,2026-09-22T09:53:00,NORMAL,NORMAL
MOV-000254,PB08C03690,ENTRY,Trichy,2026-09-22T10:19:00,2026-09-22T10:49:00,NORMAL,NORMAL
MOV-000255,CG12AG1130,ENTRY,Tirunelveli,2026-09-22T16:51:00,2026-09-22T17:21:00,NORMAL,NORMAL
MOV-000256,ML05D0571,ENTRY,Madurai,2026-09-22T16:42:00,2026-09-22T17:12:00,NORMAL,NORMAL
MOV-000257,HR71F9259,ENTRY,Salem,2026-09-22T09:50:00,2026-09-22T10:20:00,NORMAL,NORMAL
MOV-000258,OD02L4656,ENTRY,Tirunelveli,2026-09-22T14:19:00,2026-09-22T14:49:00,NORMAL,NORMAL
MOV-000259,HR29AS0015,ENTRY,Thanjavur,2026-09-22T16:23:00,2026-09-22T16:53:00,NORMAL,NORMAL
MOV-000260,JK05H3594,ENTRY,Trichy,2026-09-22T19:03:00,2026-09-22T19:33:00,NORMAL,NORMAL
MOV-000261,AP04BA4464,ENTRY,Salem,2026-09-22T10:50:00,2026-09-22T11:20:00,NORMAL,NORMAL
MOV-000262,AR08983,ENTRY,Tirunelveli,2026-09-22T12:44:00,2026-09-22T13:14:00,NORMAL,NORMAL
MOV-000263,HP24C8D32,ENTRY,Vellore,2026-09-22T15:42:00,2026-09-22T16:12:00,NORMAL,NORMAL
MOV-000264,AP05BY7799,ENTRY,Salem,2026-09-22T12:01:00,2026-09-22T12:31:00,NORMAL,NORMAL
MOV-000265,HR51BU8218,ENTRY,Vellore,2026-09-22T12:22:00,2026-09-22T12:52:00,NORMAL,NORMAL
MOV-000266,PY02S7828,ENTRY,Vellore,2026-09-22T16:01:00,2026-09-22T16:31:00,NORMAL,NORMAL
MOV-000267,UP52AH9705,ENTRY,Coimbatore,2026-09-22T13:57:00,2026-09-22T14:27:00,NORMAL,NORMAL
MOV-000268,DN09H2191,ENTRY,Tirunelveli,2026-09-22T15:21:00,2026-09-22T15:51:00,NORMAL,NORMAL
MOV-000269,SK01T3835,ENTRY,Madurai,2026-09-22T10:09:00,2026-09-22T10:39:00,NORMAL,NORMAL
MOV-000270,ML133317,ENTRY,Madurai,2026-09-22T12:23:00,2026-09-22T12:53:00,NORMAL,NORMAL
MOV-000271,TS13EK6213,ENTRY,Tirunelveli,2026-09-22T15:14:00,2026-09-22T15:44:00,NORMAL,NORMAL
MOV-000272,JK10A5217,ENTRY,Madurai,2026-09-22T13:59:00,2026-09-22T14:29:00,NORMAL,NORMAL
MOV-000273,DL9CAU4743,ENTRY,Thanjavur,2026-09-22T09:06:00,2026-09-22T09:36:00,NORMAL,NORMAL
MOV-000274,PB35F9333,ENTRY,Chennai,2026-09-22T13:20:00,2026-09-22T13:50:00,NORMAL,NORMAL
MOV-000275,DN0909704,ENTRY,Chennai,2026-09-22T18:22:00,2026-09-22T18:52:00,NORMAL,NORMAL
MOV-000276,CG09JA2359,ENTRY,Chennai,2026-09-22T10:18:00,2026-09-22T10:48:00,NORMAL,NORMAL
MOV-000277,KL02AF6723,ENTRY,Vellore,2026-09-22T07:54:00,2026-09-22T08:24:00,NORMAL,NORMAL
MOV-000278,KL46R3613,ENTRY,Chennai,2026-09-22T11:07:00,2026-09-22T11:37:00,NORMAL,NORMAL
MOV-000279,RJ20UB0137,ENTRY,Trichy,2026-09-22T07:40:00,2026-09-22T08:10:00,NORMAL,NORMAL
MOV-000280,HR09G8378,ENTRY,Trichy,2026-09-22T12:26:00,2026-09-22T12:56:00,NORMAL,NORMAL
MOV-000281,HP52B5958,ENTRY,Salem,2026-09-22T07:43:00,2026-09-22T08:13:00,NORMAL,NORMAL
MOV-000282,AS01AT8119,ENTRY,Thanjavur,2026-09-22T14:38:00,2026-09-22T15:08:00,NORMAL,NORMAL
MOV-000283,DL4CNA7231,ENTRY,Vellore,2026-09-22T13:37:00,2026-09-22T14:07:00,NORMAL,NORMAL
MOV-000284,JK02CC0447,ENTRY,Vellore,2026-09-22T07:55:00,2026-09-22T08:25:00,NORMAL,NORMAL
MOV-000285,DL11CA4900,ENTRY,Trichy,2026-09-22T16:32:00,2026-09-22T17:02:00,NORMAL,NORMAL
MOV-000286,JK10A4638,ENTRY,Coimbatore,2026-09-22T10:36:00,2026-09-22T11:06:00,NORMAL,NORMAL
MOV-000287,DL3CBS5881,ENTRY,Madurai,2026-09-22T07:51:00,2026-09-22T08:21:00,NORMAL,NORMAL
MOV-000288,WB02M8447,ENTRY,Vellore,2026-09-22T15:07:00,2026-09-22T15:37:00,NORMAL,NORMAL
MOV-000289,KL34A7564,ENTRY,Chennai,2026-09-22T13:52:00,2026-09-22T14:22:00,NORMAL,NORMAL
MOV-000290,TN47T4464,ENTRY,Madurai,2026-09-22T15:37:00,2026-09-22T16:07:00,NORMAL,NORMAL
MOV-000291,JH01BX0013,ENTRY,Madurai,2026-09-22T12:09:00,2026-09-22T12:39:00,NORMAL,NORMAL
MOV-000292,ML05J3288,ENTRY,Trichy,2026-09-22T11:08:00,2026-09-22T11:38:00,NORMAL,NORMAL
MOV-000293,PB65AN2583,ENTRY,Madurai,2026-09-22T16:57:00,2026-09-22T17:27:00,NORMAL,NORMAL
MOV-000294,CG07R2684,ENTRY,Salem,2026-09-22T10:44:00,2026-09-22T11:14:00,NORMAL,NORMAL
MOV-000295,AS01AN8668,ENTRY,Tirunelveli,2026-09-22T17:17:00,2026-09-22T17:47:00,NORMAL,NORMAL
MOV-000296,ML05H1958,ENTRY,Chennai,2026-09-22T10:14:00,2026-09-22T10:44:00,NORMAL,NORMAL
MOV-000297,JK11D8143,ENTRY,Coimbatore,2026-09-22T18:37:00,2026-09-22T19:07:00,NORMAL,NORMAL
MOV-000298,OD22J9911,ENTRY,Chennai,2026-09-22T09:53:00,2026-09-22T10:23:00,NORMAL,NORMAL
MOV-000299,SK04P1320,ENTRY,Tirunelveli,2026-09-22T07:36:00,2026-09-22T08:06:00,NORMAL,NORMAL
MOV-000300,CG04HD6930,ENTRY,Chennai,2026-09-22T19:04:00,2026-09-22T19:34:00,NORMAL,NORMAL
MOV-000301,UP85BN4203,ENTRY,Salem,2026-09-22T14:09:00,2026-09-22T14:39:00,NORMAL,NORMAL
MOV-000302,KA51P7755,ENTRY,Tirunelveli,2026-09-22T09:14:00,2026-09-22T09:44:00,NORMAL,NORMAL
MOV-000303,SK01PB3596,ENTRY,Thanjavur,2026-09-22T10:11:00,2026-09-22T10:41:00,NORMAL,NORMAL
MOV-000304,OD02J0435,ENTRY,Vellore,2026-09-22T08:14:00,2026-09-22T08:44:00,NORMAL,NORMAL
MOV-000305,ML05H6564,ENTRY,Chennai,2026-09-22T14:54:00,2026-09-22T15:24:00,NORMAL,NORMAL
MOV-000306,HR29K7840,ENTRY,Vellore,2026-09-22T13:32:00,2026-09-22T14:02:00,NORMAL,NORMAL
MOV-000307,WB36G6682,ENTRY,Tirunelveli,2026-09-22T12:45:00,2026-09-22T13:15:00,NORMAL,NORMAL
MOV-000308,AS06U1295,ENTRY,Vellore,2026-09-22T09:36:00,2026-09-22T10:06:00,NORMAL,NORMAL
MOV-000309,KL03S6394,ENTRY,Madurai,2026-09-22T13:41:00,2026-09-22T14:11:00,NORMAL,NORMAL
MOV-000310,AN01D4163,ENTRY,Vellore,2026-09-22T17:05:00,2026-09-22T17:35:00,NORMAL,NORMAL
MOV-000311,CG04FJ5834,ENTRY,Chennai,2026-09-22T13:42:00,2026-09-22T14:12:00,NORMAL,NORMAL
MOV-000312,HR29AQ4939,ENTRY,Thanjavur,2026-09-22T10:12:00,2026-09-22T10:42:00,NORMAL,NORMAL
MOV-000313,UK07AM5665,ENTRY,Chennai,2026-09-22T12:34:00,2026-09-22T13:04:00,NORMAL,NORMAL
MOV-000314,ML08E9223,ENTRY,Vellore,2026-09-22T14:38:00,2026-09-22T15:08:00,NORMAL,NORMAL
MOV-000315,UP70ET7816,ENTRY,Tirunelveli,2026-09-22T17:10:00,2026-09-22T17:40:00,NORMAL,NORMAL
MOV-000316,PB13AF6756,ENTRY,Coimbatore,2026-09-22T11:27:00,2026-09-22T11:57:00,NORMAL,NORMAL
MOV-000317,OD25F7400,ENTRY,Thanjavur,2026-09-22T08:34:00,2026-09-22T09:04:00,NORMAL,NORMAL
MOV-000318,MH48AC6244,ENTRY,Thanjavur,2026-09-22T09:43:00,2026-09-22T10:13:00,NORMAL,NORMAL
MOV-000319,NL07T0937,ENTRY,Trichy,2026-09-22T12:14:00,2026-09-22T12:44:00,NORMAL,NORMAL
MOV-000320,ML111909,ENTRY,Trichy,2026-09-22T15:23:00,2026-09-22T15:53:00,NORMAL,NORMAL
MOV-000321,KA51D9662,ENTRY,Tirunelveli,2026-09-22T10:45:00,2026-09-22T11:15:00,NORMAL,NORMAL
MOV-000322,KL07BU7707,ENTRY,Tirunelveli,2026-09-22T18:53:00,2026-09-22T19:23:00,NORMAL,NORMAL
MOV-000323,MH04DR8508,ENTRY,Tirunelveli,2026-09-22T09:55:00,2026-09-22T10:25:00,NORMAL,NORMAL
MOV-000324,JH09AA2570,ENTRY,Coimbatore,2026-09-22T18:03:00,2026-09-22T18:33:00,NORMAL,NORMAL
MOV-000325,AS06Q4437,ENTRY,Thanjavur,2026-09-22T17:58:00,2026-09-22T18:28:00,NORMAL,NORMAL
MOV-000326,PB06AN6162,ENTRY,Madurai,2026-09-22T10:02:00,2026-09-22T10:32:00,NORMAL,NORMAL
MOV-000327,AP31TP2282,ENTRY,Trichy,2026-09-22T14:05:00,2026-09-22T14:35:00,NORMAL,NORMAL
MOV-000328,PB08BF6160,ENTRY,Chennai,2026-09-22T11:44:00,2026-09-22T12:14:00,NORMAL,NORMAL
MOV-000329,UP16U3849,ENTRY,Thanjavur,2026-09-22T17:47:00,2026-09-22T18:17:00,NORMAL,NORMAL
MOV-000330,DL12CK8643,ENTRY,Chennai,2026-09-22T17:00:00,2026-09-22T17:30:00,NORMAL,NORMAL
MOV-000331,TN07BT5778,ENTRY,Coimbatore,2026-09-22T13:04:00,2026-09-22T13:34:00,NORMAL,NORMAL
MOV-000332,DL10CH1252,ENTRY,Tirunelveli,2026-09-22T10:58:00,2026-09-22T11:28:00,NORMAL,NORMAL
MOV-000333,HP48B2252,ENTRY,Thanjavur,2026-09-22T19:14:00,2026-09-22T19:44:00,NORMAL,NORMAL
MOV-000334,ML05G6098,ENTRY,Tirunelveli,2026-09-22T09:44:00,2026-09-22T10:14:00,NORMAL,NORMAL
MOV-000335,GJ09AG8384,ENTRY,Thanjavur,2026-09-22T11:48:00,2026-09-22T12:18:00,NORMAL,NORMAL
MOV-000336,HP20E3953,ENTRY,Madurai,2026-09-22T19:05:00,2026-09-22T19:35:00,NORMAL,NORMAL
MOV-000337,MP04CL3546,ENTRY,Coimbatore,2026-09-22T17:24:00,2026-09-22T17:54:00,NORMAL,NORMAL
MOV-000338,AP16BS4500,ENTRY,Salem,2026-09-22T14:56:00,2026-09-22T15:26:00,NORMAL,NORMAL
MOV-000339,CG13AE4060,ENTRY,Vellore,2026-09-22T18:54:00,2026-09-22T19:24:00,NORMAL,NORMAL
MOV-000340,GJ05RE8119,ENTRY,Trichy,2026-09-22T18:25:00,2026-09-22T18:55:00,NORMAL,NORMAL
MOV-000341,OD01Q4668,ENTRY,Salem,2026-09-22T08:58:00,2026-09-22T09:28:00,NORMAL,NORMAL
MOV-000342,UP32BF3577,ENTRY,Chennai,2026-09-22T08:50:00,2026-09-22T09:20:00,NORMAL,NORMAL
MOV-000343,AP04AS8753,ENTRY,Chennai,2026-09-22T10:49:00,2026-09-22T11:19:00,NORMAL,NORMAL
MOV-000344,DN09C0868,ENTRY,Chennai,2026-09-22T09:27:00,2026-09-22T09:57:00,NORMAL,NORMAL
MOV-000345,UP16AJ0704,ENTRY,Thanjavur,2026-09-22T10:01:00,2026-09-22T10:31:00,NORMAL,NORMAL
MOV-000346,MP09BD1270,ENTRY,Thanjavur,2026-09-22T08:41:00,2026-09-22T09:11:00,NORMAL,NORMAL
MOV-000347,GJ06HS1855,ENTRY,Vellore,2026-09-22T17:33:00,2026-09-22T18:03:00,NORMAL,NORMAL
MOV-000348,JK02ACB876,ENTRY,Tirunelveli,2026-09-22T16:05:00,2026-09-22T16:35:00,NORMAL,NORMAL
MOV-000349,HP01A7630,ENTRY,Chennai,2026-09-22T08:18:00,2026-09-22T08:48:00,NORMAL,NORMAL
MOV-000350,TS07EL3335,ENTRY,Salem,2026-09-22T12:22:00,2026-09-22T12:52:00,NORMAL,NORMAL
MOV-000351,HR26BQ8176,ENTRY,Madurai,2026-09-22T09:17:00,2026-09-22T09:47:00,NORMAL,NORMAL
MOV-000352,HP666807,ENTRY,Tirunelveli,2026-09-22T08:51:00,2026-09-22T09:21:00,NORMAL,NORMAL
MOV-000353,HP22E8000,ENTRY,Madurai,2026-09-22T08:00:00,2026-09-22T08:30:00,NORMAL,NORMAL
MOV-000354,SK01PA2969,ENTRY,Trichy,2026-09-22T13:50:00,2026-09-22T14:20:00,NORMAL,NORMAL
MOV-000355,GJ01RA8370,ENTRY,Chennai,2026-09-22T18:30:00,2026-09-22T19:00:00,NORMAL,NORMAL
MOV-000356,ML04B8389,ENTRY,Coimbatore,2026-09-22T16:50:00,2026-09-22T17:20:00,NORMAL,NORMAL
MOV-000357,HR10AE9885,ENTRY,Vellore,2026-09-22T14:31:00,2026-09-22T15:01:00,NORMAL,NORMAL
MOV-000358,AS07AC6653,ENTRY,Tirunelveli,2026-09-22T13:25:00,2026-09-22T13:55:00,NORMAL,NORMAL
MOV-000359,NL078440,ENTRY,Chennai,2026-09-22T13:22:00,2026-09-22T13:52:00,NORMAL,NORMAL
MOV-000360,RJ14CW4115,ENTRY,Tirunelveli,2026-09-22T17:37:00,2026-09-22T18:07:00,NORMAL,NORMAL
MOV-000361,UP14AK8604,ENTRY,Salem,2026-09-22T11:42:00,2026-09-22T12:12:00,NORMAL,NORMAL
MOV-000362,TR03H0259,ENTRY,Tirunelveli,2026-09-22T07:59:00,2026-09-22T08:29:00,NORMAL,NORMAL
MOV-000363,JK02W2657,ENTRY,Salem,2026-09-22T08:30:00,2026-09-22T09:00:00,NORMAL,NORMAL
MOV-000364,HP302165,ENTRY,Trichy,2026-09-22T15:37:00,2026-09-22T16:07:00,NORMAL,NORMAL
MOV-000365,DL6CL0457,ENTRY,Madurai,2026-09-22T13:43:00,2026-09-22T14:13:00,NORMAL,NORMAL
MOV-000366,KA03MQ6984,ENTRY,Trichy,2026-09-22T17:16:00,2026-09-22T17:46:00,NORMAL,NORMAL
MOV-000367,DN09J0032,ENTRY,Trichy,2026-09-22T16:03:00,2026-09-22T16:33:00,NORMAL,NORMAL
MOV-000368,PB07BL8058,ENTRY,Salem,2026-09-22T09:34:00,2026-09-22T10:04:00,NORMAL,NORMAL
MOV-000369,RJ14CF5807,ENTRY,Chennai,2026-09-22T12:56:00,2026-09-22T13:26:00,NORMAL,NORMAL
MOV-000370,CG07BR3255,ENTRY,Salem,2026-09-22T14:39:00,2026-09-22T15:09:00,NORMAL,NORMAL
MOV-000371,BR01BR5435,ENTRY,Madurai,2026-09-22T18:29:00,2026-09-22T18:59:00,NORMAL,NORMAL
MOV-000372,TR02L0569,ENTRY,Coimbatore,2026-09-22T15:10:00,2026-09-22T15:40:00,NORMAL,NORMAL
MOV-000373,ML069642,ENTRY,Thanjavur,2026-09-22T12:15:00,2026-09-22T12:45:00,NORMAL,NORMAL
MOV-000374,MH12FK1392,ENTRY,Salem,2026-09-22T18:27:00,2026-09-22T18:57:00,NORMAL,NORMAL
MOV-000375,UP32HY6077,ENTRY,Madurai,2026-09-22T10:25:00,2026-09-22T10:55:00,NORMAL,NORMAL
MOV-000376,AP10AS3445,ENTRY,Thanjavur,2026-09-22T19:02:00,2026-09-22T19:32:00,NORMAL,NORMAL
MOV-000377,CG07MA2529,ENTRY,Salem,2026-09-22T12:34:00,2026-09-22T13:04:00,NORMAL,NORMAL
MOV-000378,OR02BV0701,ENTRY,Tirunelveli,2026-09-22T15:00:00,2026-09-22T15:30:00,NORMAL,NORMAL
MOV-000379,JK01AF7715,ENTRY,Thanjavur,2026-09-22T17:21:00,2026-09-22T17:51:00,NORMAL,NORMAL
MOV-000380,NL02C6709,ENTRY,Chennai,2026-09-22T17:55:00,2026-09-22T18:25:00,NORMAL,NORMAL
MOV-000381,GJ16CH9827,ENTRY,Vellore,2026-09-22T12:42:00,2026-09-22T13:12:00,NORMAL,NORMAL
MOV-000382,AS23E0596,ENTRY,Tirunelveli,2026-09-22T15:43:00,2026-09-22T16:13:00,NORMAL,NORMAL
MOV-000383,JK072483,ENTRY,Salem,2026-09-22T09:51:00,2026-09-22T10:21:00,NORMAL,NORMAL
MOV-000384,AS01DS7523,ENTRY,Tirunelveli,2026-09-22T14:52:00,2026-09-22T15:22:00,NORMAL,NORMAL
MOV-000385,PY01BD9020,ENTRY,Coimbatore,2026-09-22T14:12:00,2026-09-22T14:42:00,NORMAL,NORMAL
MOV-000386,HR29W8286,ENTRY,Salem,2026-09-22T13:11:00,2026-09-22T13:41:00,NORMAL,NORMAL
MOV-000387,MN01G5395,ENTRY,Thanjavur,2026-09-22T13:01:00,2026-09-22T13:31:00,NORMAL,NORMAL
MOV-000388,KA25P5080,ENTRY,Salem,2026-09-22T17:28:00,2026-09-22T17:58:00,NORMAL,NORMAL
MOV-000389,WB20H0271,ENTRY,Coimbatore,2026-09-22T13:48:00,2026-09-22T14:18:00,NORMAL,NORMAL
MOV-000390,TS09EG6565,ENTRY,Coimbatore,2026-09-22T13:47:00,2026-09-22T14:17:00,NORMAL,NORMAL
MOV-000391,JK10B2313,ENTRY,Vellore,2026-09-22T13:58:00,2026-09-22T14:28:00,NORMAL,NORMAL
MOV-000392,JK01M4723,ENTRY,Trichy,2026-09-22T08:00:00,2026-09-22T08:30:00,NORMAL,NORMAL
MOV-000393,AP318L4935,ENTRY,Vellore,2026-09-22T12:41:00,2026-09-22T13:11:00,NORMAL,NORMAL
MOV-000394,PB10CX0209,ENTRY,Trichy,2026-09-22T14:10:00,2026-09-22T14:40:00,NORMAL,NORMAL
MOV-000395,AS25S6858,ENTRY,Salem,2026-09-22T18:33:00,2026-09-22T19:03:00,NORMAL,NORMAL
MOV-000396,GJ12CG2526,ENTRY,Salem,2026-09-22T09:40:00,2026-09-22T10:10:00,NORMAL,NORMAL
MOV-000397,GJ01RS0198,ENTRY,Thanjavur,2026-09-22T09:01:00,2026-09-22T09:31:00,NORMAL,NORMAL
MOV-000398,ML08B1100,ENTRY,Vellore,2026-09-22T17:13:00,2026-09-22T17:43:00,NORMAL,NORMAL
MOV-000399,RJ20CD5118,ENTRY,Madurai,2026-09-22T16:52:00,2026-09-22T17:22:00,NORMAL,NORMAL
MOV-000400,HP01N0304,ENTRY,Salem,2026-09-22T15:29:00,2026-09-22T15:59:00,NORMAL,NORMAL
MOV-000401,AP05DY3395,ENTRY,Trichy,2026-09-22T13:17:00,2026-09-22T13:47:00,NORMAL,NORMAL
MOV-000402,HP16A2014,ENTRY,Chennai,2026-09-22T10:48:00,2026-09-22T11:18:00,NORMAL,NORMAL
MOV-000403,MP65C0654,ENTRY,Coimbatore,2026-09-22T13:16:00,2026-09-22T13:46:00,NORMAL,NORMAL
MOV-000404,MN06LA0861,ENTRY,Madurai,2026-09-22T17:23:00,2026-09-22T17:53:00,NORMAL,NORMAL
MOV-000405,MH12KY6921,ENTRY,Salem,2026-09-22T13:04:00,2026-09-22T13:34:00,NORMAL,NORMAL
MOV-000406,MH12MF6822,ENTRY,Madurai,2026-09-22T10:08:00,2026-09-22T10:38:00,NORMAL,NORMAL
MOV-000407,AN01K9412,ENTRY,Coimbatore,2026-09-22T10:04:00,2026-09-22T10:34:00,NORMAL,NORMAL
MOV-000408,DL9CAU5573,ENTRY,Trichy,2026-09-22T09:16:00,2026-09-22T09:46:00,NORMAL,NORMAL
MOV-000409,ML04B8918,ENTRY,Salem,2026-09-22T13:41:00,2026-09-22T14:11:00,NORMAL,NORMAL
MOV-000410,MH12NJ5838,ENTRY,Coimbatore,2026-09-22T13:40:00,2026-09-22T14:10:00,NORMAL,NORMAL
MOV-000411,DL12CN8660,ENTRY,Chennai,2026-09-22T09:57:00,2026-09-22T10:27:00,NORMAL,NORMAL
MOV-000412,HR51AQ0911,ENTRY,Thanjavur,2026-09-22T10:54:00,2026-09-22T11:24:00,NORMAL,NORMAL
MOV-000413,TN07AP0659,ENTRY,Chennai,2026-09-22T13:51:00,2026-09-22T14:21:00,NORMAL,NORMAL
MOV-000414,AP07AN3915,ENTRY,Coimbatore,2026-09-22T18:27:00,2026-09-22T18:57:00,NORMAL,NORMAL
MOV-000415,MH05BS3471,ENTRY,Thanjavur,2026-09-22T10:27:00,2026-09-22T10:57:00,NORMAL,NORMAL
MOV-000416,JK02AS3888,ENTRY,Salem,2026-09-22T16:14:00,2026-09-22T16:44:00,NORMAL,NORMAL
MOV-000417,MP20TA0919,ENTRY,Salem,2026-09-22T07:47:00,2026-09-22T08:17:00,NORMAL,NORMAL
MOV-000418,DL12CJ9823,ENTRY,Thanjavur,2026-09-22T08:24:00,2026-09-22T08:54:00,NORMAL,NORMAL
MOV-000419,BR01DG6692,ENTRY,Tirunelveli,2026-09-22T18:20:00,2026-09-22T18:50:00,NORMAL,NORMAL
MOV-000420,AS23X5585,ENTRY,Madurai,2026-09-22T11:42:00,2026-09-22T12:12:00,NORMAL,NORMAL
MOV-000421,DL2CAX2886,ENTRY,Coimbatore,2026-09-22T16:41:00,2026-09-22T17:11:00,NORMAL,NORMAL
MOV-000422,ML06A1659,ENTRY,Coimbatore,2026-09-22T13:55:00,2026-09-22T14:25:00,NORMAL,NORMAL
MOV-000423,OR05AN4494,ENTRY,Chennai,2026-09-22T15:51:00,2026-09-22T16:21:00,NORMAL,NORMAL
MOV-000424,CH01AF1382,ENTRY,Trichy,2026-09-22T09:56:00,2026-09-22T10:26:00,NORMAL,NORMAL
MOV-000425,NL01CB433,ENTRY,Thanjavur,2026-09-22T11:57:00,2026-09-22T12:27:00,NORMAL,NORMAL
MOV-000426,AR168272,ENTRY,Salem,2026-09-22T17:18:00,2026-09-22T17:48:00,NORMAL,NORMAL
MOV-000427,KA02MF3336,ENTRY,Salem,2026-09-22T07:57:00,2026-09-22T08:27:00,NORMAL,NORMAL
MOV-000428,UP45Q3028,ENTRY,Tirunelveli,2026-09-22T17:12:00,2026-09-22T17:42:00,NORMAL,NORMAL
MOV-000429,DL9C0S1537,ENTRY,Tirunelveli,2026-09-22T15:21:00,2026-09-22T15:51:00,NORMAL,NORMAL
MOV-000430,PY01AP0555,ENTRY,Salem,2026-09-22T14:20:00,2026-09-22T14:50:00,NORMAL,NORMAL
MOV-000431,PY055353,ENTRY,Trichy,2026-09-22T13:26:00,2026-09-22T13:56:00,NORMAL,NORMAL
MOV-000432,UK07AA2432,ENTRY,Vellore,2026-09-22T18:47:00,2026-09-22T19:17:00,NORMAL,NORMAL
MOV-000433,HP2020TR6255G,ENTRY,Chennai,2026-09-22T12:50:00,2026-09-22T13:20:00,NORMAL,NORMAL
MOV-000434,BR01BL6628,ENTRY,Chennai,2026-09-22T11:19:00,2026-09-22T11:49:00,NORMAL,NORMAL
MOV-000435,PB08DY4824,ENTRY,Tirunelveli,2026-09-22T13:22:00,2026-09-22T13:52:00,NORMAL,NORMAL
MOV-000436,WB02AD4162,ENTRY,Chennai,2026-09-22T12:35:00,2026-09-22T13:05:00,NORMAL,NORMAL
MOV-000437,JK01R8021,ENTRY,Salem,2026-09-22T07:47:00,2026-09-22T08:17:00,NORMAL,NORMAL
MOV-000438,AN01H0908,ENTRY,Trichy,2026-09-22T09:13:00,2026-09-22T09:43:00,NORMAL,NORMAL
MOV-000439,BF06P00006,ENTRY,Trichy,2026-09-22T14:29:00,2026-09-22T14:59:00,NORMAL,NORMAL
MOV-000440,AR152019,ENTRY,Salem,2026-09-22T09:40:00,2026-09-22T10:10:00,NORMAL,NORMAL
MOV-000441,MP09CK4943,ENTRY,Thanjavur,2026-09-22T18:33:00,2026-09-22T19:03:00,NORMAL,NORMAL
MOV-000442,AR01F2523,ENTRY,Chennai,2026-09-22T16:44:00,2026-09-22T17:14:00,NORMAL,NORMAL
MOV-000443,KA04MK0368,ENTRY,Madurai,2026-09-22T08:15:00,2026-09-22T08:45:00,NORMAL,NORMAL
MOV-000444,GJ01RN4259,ENTRY,Madurai,2026-09-22T07:35:00,2026-09-22T08:05:00,NORMAL,NORMAL
MOV-000445,CG04HA4553,ENTRY,Salem,2026-09-22T08:55:00,2026-09-22T09:25:00,NORMAL,NORMAL
MOV-000446,SK01PA7708,ENTRY,Vellore,2026-09-22T08:44:00,2026-09-22T09:14:00,NORMAL,NORMAL
MOV-000447,HR26BK8597,ENTRY,Trichy,2026-09-22T11:56:00,2026-09-22T12:26:00,NORMAL,NORMAL
MOV-000448,WB20AG9041,ENTRY,Vellore,2026-09-22T10:46:00,2026-09-22T11:16:00,NORMAL,NORMAL
MOV-000449,GA03P2839,ENTRY,Salem,2026-09-22T07:41:00,2026-09-22T08:11:00,NORMAL,NORMAL
MOV-000450,HR01H4731,ENTRY,Chennai,2026-09-22T10:56:00,2026-09-22T11:26:00,NORMAL,NORMAL
MOV-000451,AS01DG6002,ENTRY,Salem,2026-09-22T11:18:00,2026-09-22T11:48:00,NORMAL,NORMAL
MOV-000452,AP39DL3537,ENTRY,Coimbatore,2026-09-22T12:54:00,2026-09-22T13:24:00,NORMAL,NORMAL
MOV-000453,OD02V0007,ENTRY,Chennai,2026-09-22T13:35:00,2026-09-22T14:05:00,NORMAL,NORMAL
MOV-000454,OD021481,ENTRY,Thanjavur,2026-09-22T14:17:00,2026-09-22T14:47:00,NORMAL,NORMAL
MOV-000455,JK02AJ1525,ENTRY,Chennai,2026-09-22T08:32:00,2026-09-22T09:02:00,NORMAL,NORMAL
MOV-000456,DL9CAE1359,ENTRY,Thanjavur,2026-09-22T18:20:00,2026-09-22T18:50:00,NORMAL,NORMAL
MOV-000457,HR26EJ7668,ENTRY,Salem,2026-09-22T18:36:00,2026-09-22T19:06:00,NORMAL,NORMAL
MOV-000458,JH01BC5210,ENTRY,Trichy,2026-09-22T11:47:00,2026-09-22T12:17:00,NORMAL,NORMAL
MOV-000459,UP16BD4866,ENTRY,Chennai,2026-09-22T18:16:00,2026-09-22T18:46:00,NORMAL,NORMAL
MOV-000460,PY01AW2814,ENTRY,Chennai,2026-09-22T08:09:00,2026-09-22T08:39:00,NORMAL,NORMAL
MOV-000461,PB31R8123,ENTRY,Trichy,2026-09-22T13:13:00,2026-09-22T13:43:00,NORMAL,NORMAL
MOV-000462,ML05L1434,ENTRY,Vellore,2026-09-22T17:39:00,2026-09-22T18:09:00,NORMAL,NORMAL
MOV-000463,DL8CAL4134,ENTRY,Madurai,2026-09-22T17:49:00,2026-09-22T18:19:00,NORMAL,NORMAL
MOV-000464,JK02AK8967,ENTRY,Trichy,2026-09-22T09:24:00,2026-09-22T09:54:00,NORMAL,NORMAL
MOV-000465,KA01MB9714,ENTRY,Thanjavur,2026-09-22T19:08:00,2026-09-22T19:38:00,NORMAL,NORMAL
MOV-000466,GJ7AG4373,ENTRY,Tirunelveli,2026-09-22T12:29:00,2026-09-22T12:59:00,NORMAL,NORMAL
MOV-000467,HP719898,ENTRY,Vellore,2026-09-22T13:18:00,2026-09-22T13:48:00,NORMAL,NORMAL
MOV-000468,DL4CAM9066,ENTRY,Trichy,2026-09-22T14:06:00,2026-09-22T14:36:00,NORMAL,NORMAL
MOV-000469,DL2CH8634,ENTRY,Madurai,2026-09-22T08:40:00,2026-09-22T09:10:00,NORMAL,NORMAL
MOV-000470,PB23S8600,ENTRY,Tirunelveli,2026-09-22T15:46:00,2026-09-22T16:16:00,NORMAL,NORMAL
MOV-000471,MH05EQ4066,ENTRY,Coimbatore,2026-09-22T07:39:00,2026-09-22T08:09:00,NORMAL,NORMAL
MOV-000472,NL07CA7631,ENTRY,Vellore,2026-09-22T13:02:00,2026-09-22T13:32:00,NORMAL,NORMAL
MOV-000473,OR08F1001,ENTRY,Madurai,2026-09-22T17:17:00,2026-09-22T17:47:00,NORMAL,NORMAL
MOV-000474,MH43X8997,ENTRY,Thanjavur,2026-09-22T07:40:00,2026-09-22T08:10:00,NORMAL,NORMAL
MOV-000475,GJ06KP8508,ENTRY,Tirunelveli,2026-09-22T09:41:00,2026-09-22T10:11:00,NORMAL,NORMAL
MOV-000476,TS11EQ2914,ENTRY,Thanjavur,2026-09-22T10:30:00,2026-09-22T11:00:00,NORMAL,NORMAL
MOV-000477,CG22H7740,ENTRY,Salem,2026-09-22T12:20:00,2026-09-22T12:50:00,NORMAL,NORMAL
MOV-000478,DL12CS7886,ENTRY,Vellore,2026-09-22T09:20:00,2026-09-22T09:50:00,NORMAL,NORMAL
MOV-000479,TR01E2157,ENTRY,Salem,2026-09-22T15:44:00,2026-09-22T16:14:00,NORMAL,NORMAL
MOV-000480,AN01H1689,ENTRY,Vellore,2026-09-22T13:56:00,2026-09-22T14:26:00,NORMAL,NORMAL
MOV-000481,CH03K7672,ENTRY,Salem,2026-09-22T19:29:00,2026-09-22T19:59:00,NORMAL,NORMAL
MOV-000482,BR01PL7594,ENTRY,Vellore,2026-09-22T18:46:00,2026-09-22T19:16:00,NORMAL,NORMAL
MOV-000483,GA03R9230,ENTRY,Madurai,2026-09-22T12:27:00,2026-09-22T12:57:00,NORMAL,NORMAL
MOV-000484,CH01AX9090,ENTRY,Coimbatore,2026-09-22T17:49:00,2026-09-22T18:19:00,NORMAL,NORMAL
MOV-000485,CH01A09331,ENTRY,Madurai,2026-09-22T10:27:00,2026-09-22T10:57:00,NORMAL,NORMAL
MOV-000486,OD33L2616,ENTRY,Chennai,2026-09-22T11:46:00,2026-09-22T12:16:00,NORMAL,NORMAL
MOV-000487,AP31BL8656,ENTRY,Chennai,2026-09-22T09:49:00,2026-09-22T10:19:00,NORMAL,NORMAL
MOV-000488,MH06AB8620,ENTRY,Tirunelveli,2026-09-22T10:25:00,2026-09-22T10:55:00,NORMAL,NORMAL
MOV-000489,GJ01HM5887,ENTRY,Thanjavur,2026-09-22T17:45:00,2026-09-22T18:15:00,NORMAL,NORMAL
MOV-000490,MP09CQ9712,ENTRY,Thanjavur,2026-09-22T08:37:00,2026-09-22T09:07:00,NORMAL,NORMAL
MOV-000491,AR200692,ENTRY,Vellore,2026-09-22T19:08:00,2026-09-22T19:38:00,NORMAL,NORMAL
MOV-000492,JK01AL4613,ENTRY,Coimbatore,2026-09-22T15:48:00,2026-09-22T16:18:00,NORMAL,NORMAL
MOV-000493,TN10AR0131,ENTRY,Vellore,2026-09-22T17:13:00,2026-09-22T17:43:00,NORMAL,NORMAL
MOV-000494,JK01D8354,ENTRY,Madurai,2026-09-22T16:49:00,2026-09-22T17:19:00,NORMAL,NORMAL
MOV-000495,GJ1SCG7928,ENTRY,Coimbatore,2026-09-22T17:35:00,2026-09-22T18:05:00,NORMAL,NORMAL
MOV-000496,WB26S5093,ENTRY,Vellore,2026-09-22T13:32:00,2026-09-22T14:02:00,NORMAL,NORMAL
MOV-000497,GJ15CB3980,ENTRY,Vellore,2026-09-22T17:32:00,2026-09-22T18:02:00,NORMAL,NORMAL
MOV-000498,KL43D4389,ENTRY,Salem,2026-09-22T07:33:00,2026-09-22T08:03:00,NORMAL,NORMAL
MOV-000499,CG16B1802,ENTRY,Thanjavur,2026-09-22T14:03:00,2026-09-22T14:33:00,NORMAL,NORMAL
MOV-000500,MH01BT7906,ENTRY,Coimbatore,2026-09-22T10:02:00,2026-09-22T10:32:00,NORMAL,NORMAL
MOV-000501,TS09EZ9293,ENTRY,Madurai,2026-09-22T11:05:00,2026-09-22T11:35:00,NORMAL,NORMAL
MOV-000502,PB37A8269,ENTRY,Tirunelveli,2026-09-22T11:00:00,2026-09-22T11:30:00,NORMAL,NORMAL
MOV-000503,UK06CB4595,ENTRY,Vellore,2026-09-22T19:26:00,2026-09-22T19:56:00,NORMAL,NORMAL
MOV-000504,NL01T8152,ENTRY,Thanjavur,2026-09-22T07:47:00,2026-09-22T08:17:00,NORMAL,NORMAL
MOV-000505,BR7P3952,ENTRY,Trichy,2026-09-22T11:28:00,2026-09-22T11:58:00,NORMAL,NORMAL
MOV-000506,MN05A6028,ENTRY,Madurai,2026-09-22T08:41:00,2026-09-22T09:11:00,NORMAL,NORMAL
MOV-000507,SK02P1078,ENTRY,Coimbatore,2026-09-22T17:13:00,2026-09-22T17:43:00,NORMAL,NORMAL
MOV-000508,GA01C2098,ENTRY,Salem,2026-09-22T16:26:00,2026-09-22T16:56:00,NORMAL,NORMAL
MOV-000509,PY02L4602,ENTRY,Coimbatore,2026-09-22T13:10:00,2026-09-22T13:40:00,NORMAL,NORMAL
MOV-000510,DL2CAR0108,ENTRY,Vellore,2026-09-22T14:30:00,2026-09-22T15:00:00,NORMAL,NORMAL
MOV-000511,UP27Z7322,ENTRY,Madurai,2026-09-22T09:06:00,2026-09-22T09:36:00,NORMAL,NORMAL
MOV-000512,UK07BK5014,ENTRY,Salem,2026-09-22T10:01:00,2026-09-22T10:31:00,NORMAL,NORMAL
MOV-000513,MH48AK2798,ENTRY,Chennai,2026-09-22T11:43:00,2026-09-22T12:13:00,NORMAL,NORMAL
MOV-000514,OD052323,ENTRY,Coimbatore,2026-09-22T15:36:00,2026-09-22T16:06:00,NORMAL,NORMAL
MOV-000515,ML0563550,ENTRY,Tirunelveli,2026-09-22T10:40:00,2026-09-22T11:10:00,NORMAL,NORMAL
MOV-000516,KL27D9809,ENTRY,Thanjavur,2026-09-22T13:53:00,2026-09-22T14:23:00,NORMAL,NORMAL
MOV-000517,MH05CH1754,ENTRY,Salem,2026-09-22T12:48:00,2026-09-22T13:18:00,NORMAL,NORMAL
MOV-000518,ML05R1934,ENTRY,Madurai,2026-09-22T17:01:00,2026-09-22T17:31:00,NORMAL,NORMAL
MOV-000519,JK02BN3088,ENTRY,Madurai,2026-09-22T08:52:00,2026-09-22T09:22:00,NORMAL,NORMAL
MOV-000520,TS09EA4088,ENTRY,Thanjavur,2026-09-22T16:02:00,2026-09-22T16:32:00,NORMAL,NORMAL
MOV-000521,AP39HZ0087,ENTRY,Chennai,2026-09-22T16:55:00,2026-09-22T17:25:00,NORMAL,NORMAL
MOV-000522,OD11P6123,ENTRY,Vellore,2026-09-22T11:48:00,2026-09-22T12:18:00,NORMAL,NORMAL
MOV-000523,KA01MG1660,ENTRY,Madurai,2026-09-22T16:00:00,2026-09-22T16:30:00,NORMAL,NORMAL
MOV-000524,UK08W2276,ENTRY,Vellore,2026-09-22T13:19:00,2026-09-22T13:49:00,NORMAL,NORMAL
MOV-000525,GJ01RK2430,ENTRY,Coimbatore,2026-09-22T17:15:00,2026-09-22T17:45:00,NORMAL,NORMAL
MOV-000526,WB02AM8548,ENTRY,Vellore,2026-09-22T19:21:00,2026-09-22T19:51:00,NORMAL,NORMAL
MOV-000527,AP31CS2511,ENTRY,Trichy,2026-09-22T17:23:00,2026-09-22T17:53:00,NORMAL,NORMAL
MOV-000528,MN01K5346,ENTRY,Vellore,2026-09-22T07:54:00,2026-09-22T08:24:00,NORMAL,NORMAL
MOV-000529,AS04P4549,ENTRY,Vellore,2026-09-22T10:16:00,2026-09-22T10:46:00,NORMAL,NORMAL
MOV-000530,BR06U2470,ENTRY,Salem,2026-09-22T14:36:00,2026-09-22T15:06:00,NORMAL,NORMAL
MOV-000531,OD02AP3010,ENTRY,Chennai,2026-09-22T10:16:00,2026-09-22T10:46:00,NORMAL,NORMAL
MOV-000532,HP34C8986,ENTRY,Salem,2026-09-22T16:47:00,2026-09-22T17:17:00,NORMAL,NORMAL
MOV-000533,KA06C9590,ENTRY,Trichy,2026-09-22T08:00:00,2026-09-22T08:30:00,NORMAL,NORMAL
MOV-000534,TN76V1978,ENTRY,Chennai,2026-09-22T18:01:00,2026-09-22T18:31:00,NORMAL,NORMAL
MOV-000535,AP31AT5064,ENTRY,Chennai,2026-09-22T15:43:00,2026-09-22T16:13:00,NORMAL,NORMAL
MOV-000536,MP08CA6293,ENTRY,Salem,2026-09-22T11:04:00,2026-09-22T11:34:00,NORMAL,NORMAL
MOV-000537,WB26T6688,ENTRY,Thanjavur,2026-09-22T15:08:00,2026-09-22T15:38:00,NORMAL,NORMAL
MOV-000538,MH12KJ7659,ENTRY,Madurai,2026-09-22T12:20:00,2026-09-22T12:50:00,NORMAL,NORMAL
MOV-000539,GA01S5594,ENTRY,Vellore,2026-09-22T10:36:00,2026-09-22T11:06:00,NORMAL,NORMAL
MOV-000540,WB06H2237,ENTRY,Trichy,2026-09-22T10:39:00,2026-09-22T11:09:00,NORMAL,NORMAL
MOV-000541,DL5CH7599,ENTRY,Trichy,2026-09-22T19:22:00,2026-09-22T19:52:00,NORMAL,NORMAL
MOV-000542,ML087084,ENTRY,Vellore,2026-09-22T10:11:00,2026-09-22T10:41:00,NORMAL,NORMAL
MOV-000543,UP80FA1666,ENTRY,Tirunelveli,2026-09-22T07:48:00,2026-09-22T08:18:00,NORMAL,NORMAL
MOV-000544,TN19F0816,ENTRY,Trichy,2026-09-22T15:19:00,2026-09-22T15:49:00,NORMAL,NORMAL
MOV-000545,RJ23CB4320,ENTRY,Coimbatore,2026-09-22T08:32:00,2026-09-22T09:02:00,NORMAL,NORMAL
MOV-000546,UP14CV7920,ENTRY,Salem,2026-09-22T12:55:00,2026-09-22T13:25:00,NORMAL,NORMAL
MOV-000547,WB06G4120,ENTRY,Coimbatore,2026-09-22T09:51:00,2026-09-22T10:21:00,NORMAL,NORMAL
MOV-000548,AP31EF1155,ENTRY,Coimbatore,2026-09-22T13:21:00,2026-09-22T13:51:00,NORMAL,NORMAL
MOV-000549,JH01AX5392,ENTRY,Vellore,2026-09-22T13:55:00,2026-09-22T14:25:00,NORMAL,NORMAL
MOV-000550,AP31DT9378,ENTRY,Chennai,2026-09-22T17:49:00,2026-09-22T18:19:00,NORMAL,NORMAL
MOV-000551,AS018P2415,ENTRY,Chennai,2026-09-22T08:30:00,2026-09-22T09:00:00,NORMAL,NORMAL
MOV-000552,PB2313752,ENTRY,Chennai,2026-09-22T13:28:00,2026-09-22T13:58:00,NORMAL,NORMAL
MOV-000553,AS19D9919,ENTRY,Vellore,2026-09-22T13:54:00,2026-09-22T14:24:00,NORMAL,NORMAL
MOV-000554,AP31TV6847,ENTRY,Tirunelveli,2026-09-22T09:04:00,2026-09-22T09:34:00,NORMAL,NORMAL
MOV-000555,SK02P3471,ENTRY,Tirunelveli,2026-09-22T17:33:00,2026-09-22T18:03:00,NORMAL,NORMAL
MOV-000556,DL6CR7002,ENTRY,Thanjavur,2026-09-22T13:57:00,2026-09-22T14:27:00,NORMAL,NORMAL
MOV-000557,PY01CM5400,ENTRY,Salem,2026-09-22T17:40:00,2026-09-22T18:10:00,NORMAL,NORMAL
MOV-000558,NL02C9593,ENTRY,Madurai,2026-09-22T08:07:00,2026-09-22T08:37:00,NORMAL,NORMAL
MOV-000559,BR03PA3803,ENTRY,Trichy,2026-09-22T10:14:00,2026-09-22T10:44:00,NORMAL,NORMAL
MOV-000560,KL43D4444,ENTRY,Salem,2026-09-22T12:18:00,2026-09-22T12:48:00,NORMAL,NORMAL
MOV-000561,JH04C7104,ENTRY,Coimbatore,2026-09-22T14:41:00,2026-09-22T15:11:00,NORMAL,NORMAL
MOV-000562,DL8CNA1596,ENTRY,Madurai,2026-09-22T14:39:00,2026-09-22T15:09:00,NORMAL,NORMAL
MOV-000563,AS01BF9673,ENTRY,Vellore,2026-09-22T07:52:00,2026-09-22T08:22:00,NORMAL,NORMAL
MOV-000564,PY01Q7947,ENTRY,Trichy,2026-09-22T12:25:00,2026-09-22T12:55:00,NORMAL,NORMAL
MOV-000565,JK02CD0461,ENTRY,Salem,2026-09-22T15:24:00,2026-09-22T15:54:00,NORMAL,NORMAL
MOV-000566,GJ06FK2977,ENTRY,Coimbatore,2026-09-22T10:49:00,2026-09-22T11:19:00,NORMAL,NORMAL
MOV-000567,SK01T8791,ENTRY,Tirunelveli,2026-09-22T14:53:00,2026-09-22T15:23:00,NORMAL,NORMAL
MOV-000568,OD05Y5787,ENTRY,Coimbatore,2026-09-22T16:03:00,2026-09-22T16:33:00,NORMAL,NORMAL
MOV-000569,MP04CL8840,ENTRY,Tirunelveli,2026-09-22T10:53:00,2026-09-22T11:23:00,NORMAL,NORMAL
MOV-000570,AR01E1034,ENTRY,Trichy,2026-09-22T18:01:00,2026-09-22T18:31:00,NORMAL,NORMAL
MOV-000571,UP53AK1161,ENTRY,Coimbatore,2026-09-22T07:48:00,2026-09-22T08:18:00,NORMAL,NORMAL
MOV-000572,GJ01HS1902,ENTRY,Trichy,2026-09-22T15:57:00,2026-09-22T16:27:00,NORMAL,NORMAL
MOV-000573,JH05S3291,ENTRY,Trichy,2026-09-22T17:47:00,2026-09-22T18:17:00,NORMAL,NORMAL
MOV-000574,MH02DN7410,ENTRY,Salem,2026-09-22T10:30:00,2026-09-22T11:00:00,NORMAL,NORMAL
MOV-000575,TS08FZ8298,ENTRY,Salem,2026-09-22T11:16:00,2026-09-22T11:46:00,NORMAL,NORMAL
MOV-000576,JK01AD3147,ENTRY,Thanjavur,2026-09-22T12:13:00,2026-09-22T12:43:00,NORMAL,NORMAL
MOV-000577,PY01BU2406,ENTRY,Coimbatore,2026-09-22T13:03:00,2026-09-22T13:33:00,NORMAL,NORMAL
MOV-000578,AP26AM1260,ENTRY,Thanjavur,2026-09-22T16:45:00,2026-09-22T17:15:00,NORMAL,NORMAL
MOV-000579,AP37EJ2277,ENTRY,Tirunelveli,2026-09-22T09:38:00,2026-09-22T10:08:00,NORMAL,NORMAL
MOV-000580,CH01BL3528,ENTRY,Coimbatore,2026-09-22T10:15:00,2026-09-22T10:45:00,NORMAL,NORMAL
MOV-000581,CH01AB4559,ENTRY,Madurai,2026-09-22T18:10:00,2026-09-22T18:40:00,NORMAL,NORMAL
MOV-000582,RJ14CM3730,ENTRY,Salem,2026-09-22T07:50:00,2026-09-22T08:20:00,NORMAL,NORMAL
MOV-000583,JH01AM2354,ENTRY,Salem,2026-09-22T14:18:00,2026-09-22T14:48:00,NORMAL,NORMAL
MOV-000584,KA04MG7528,ENTRY,Madurai,2026-09-22T11:26:00,2026-09-22T11:56:00,NORMAL,NORMAL
MOV-000585,AS23G2612,ENTRY,Thanjavur,2026-09-22T17:36:00,2026-09-22T18:06:00,NORMAL,NORMAL
MOV-000586,GA08M0184,ENTRY,Salem,2026-09-22T18:30:00,2026-09-22T19:00:00,NORMAL,NORMAL
MOV-000587,AN01L6155,ENTRY,Salem,2026-09-22T11:16:00,2026-09-22T11:46:00,NORMAL,NORMAL
MOV-000588,OD05K6964,ENTRY,Tirunelveli,2026-09-22T15:19:00,2026-09-22T15:49:00,NORMAL,NORMAL
MOV-000589,ML10B9308,ENTRY,Thanjavur,2026-09-22T14:42:00,2026-09-22T15:12:00,NORMAL,NORMAL
MOV-000590,AP28AT5333,ENTRY,Trichy,2026-09-22T11:07:00,2026-09-22T11:37:00,NORMAL,NORMAL
MOV-000591,TS07HM2684,ENTRY,Madurai,2026-09-22T12:03:00,2026-09-22T12:33:00,NORMAL,NORMAL
MOV-000592,JH01BU9956,ENTRY,Thanjavur,2026-09-22T14:03:00,2026-09-22T14:33:00,NORMAL,NORMAL
MOV-000593,WB70G3763,ENTRY,Salem,2026-09-22T19:01:00,2026-09-22T19:31:00,NORMAL,NORMAL
MOV-000594,AP39E1493,ENTRY,Chennai,2026-09-22T19:18:00,2026-09-22T19:48:00,NORMAL,NORMAL
MOV-000595,JK1182360,ENTRY,Vellore,2026-09-22T07:59:00,2026-09-22T08:29:00,NORMAL,NORMAL
MOV-000596,CH01AP4538,ENTRY,Trichy,2026-09-22T08:42:00,2026-09-22T09:12:00,NORMAL,NORMAL
MOV-000597,UP23K0008,ENTRY,Salem,2026-09-22T14:59:00,2026-09-22T15:29:00,NORMAL,NORMAL
MOV-000598,LA020749,ENTRY,Vellore,2026-09-22T13:06:00,2026-09-22T13:36:00,NORMAL,NORMAL
MOV-000599,TS15ES0894,ENTRY,Trichy,2026-09-22T15:54:00,2026-09-22T16:24:00,NORMAL,NORMAL
MOV-000600,DL8CNA5085,ENTRY,Trichy,2026-09-22T15:23:00,2026-09-22T15:53:00,NORMAL,NORMAL
MOV-000601,GJ05JB6589,Chennai,Coimbatore,2026-09-23T04:00:00,2026-09-23T04:20:00,IMPOSSIBLE_SPEED_SIGNAL,IMPOSSIBLE_TRAVEL
MOV-000602,JK13C4452,Chennai,Coimbatore,2026-09-23T04:05:00,2026-09-23T04:25:00,IMPOSSIBLE_SPEED_SIGNAL,IMPOSSIBLE_TRAVEL
MOV-000603,JK127959,Chennai,Coimbatore,2026-09-23T04:10:00,2026-09-23T04:30:00,IMPOSSIBLE_SPEED_SIGNAL,IMPOSSIBLE_TRAVEL
MOV-000604,CG04H5060,Chennai,Coimbatore,2026-09-23T04:15:00,2026-09-23T04:35:00,IMPOSSIBLE_SPEED_SIGNAL,IMPOSSIBLE_TRAVEL
MOV-000605,WB06J9177,Chennai,Coimbatore,2026-09-23T04:20:00,2026-09-23T04:40:00,IMPOSSIBLE_SPEED_SIGNAL,IMPOSSIBLE_TRAVEL
MOV-000606,KA28M3589,Chennai,Coimbatore,2026-09-23T04:25:00,2026-09-23T04:45:00,IMPOSSIBLE_SPEED_SIGNAL,IMPOSSIBLE_TRAVEL
MOV-000607,TS08EZ9463,Chennai,Coimbatore,2026-09-23T04:30:00,2026-09-23T04:50:00,IMPOSSIBLE_SPEED_SIGNAL,IMPOSSIBLE_TRAVEL
MOV-000608,DL8CAU6883,Chennai,Coimbatore,2026-09-23T04:35:00,2026-09-23T04:55:00,IMPOSSIBLE_SPEED_SIGNAL,IMPOSSIBLE_TRAVEL
MOV-000609,WB02W9S3S,Chennai,Coimbatore,2026-09-23T04:40:00,2026-09-23T05:00:00,IMPOSSIBLE_SPEED_SIGNAL,IMPOSSIBLE_TRAVEL
MOV-000610,HR56B2626,Chennai,Coimbatore,2026-09-23T04:45:00,2026-09-23T05:05:00,IMPOSSIBLE_SPEED_SIGNAL,IMPOSSIBLE_TRAVEL
MOV-000611,KL0BBJ5001,Chennai,Coimbatore,2026-09-23T04:50:00,2026-09-23T05:10:00,IMPOSSIBLE_SPEED_SIGNAL,IMPOSSIBLE_TRAVEL
MOV-000612,WB02X8795,Chennai,Coimbatore,2026-09-23T04:55:00,2026-09-23T05:15:00,IMPOSSIBLE_SPEED_SIGNAL,IMPOSSIBLE_TRAVEL
MOV-000613,AP16CH9545,Chennai,Coimbatore,2026-09-23T05:00:00,2026-09-23T05:20:00,IMPOSSIBLE_SPEED_SIGNAL,IMPOSSIBLE_TRAVEL
MOV-000614,AP39TP0211,Chennai,Coimbatore,2026-09-23T05:05:00,2026-09-23T05:25:00,IMPOSSIBLE_SPEED_SIGNAL,IMPOSSIBLE_TRAVEL
MOV-000615,AP04M7627,Chennai,Coimbatore,2026-09-23T05:10:00,2026-09-23T05:30:00,IMPOSSIBLE_SPEED_SIGNAL,IMPOSSIBLE_TRAVEL
MOV-000616,UP32EC5577,Chennai,Coimbatore,2026-09-23T05:15:00,2026-09-23T05:35:00,IMPOSSIBLE_SPEED_SIGNAL,IMPOSSIBLE_TRAVEL
MOV-000617,KL45C4411,Chennai,Coimbatore,2026-09-23T05:20:00,2026-09-23T05:40:00,IMPOSSIBLE_SPEED_SIGNAL,IMPOSSIBLE_TRAVEL
MOV-000618,AS01AR1986,Chennai,Coimbatore,2026-09-23T05:25:00,2026-09-23T05:45:00,IMPOSSIBLE_SPEED_SIGNAL,IMPOSSIBLE_TRAVEL
MOV-000619,BR01BD5042,Chennai,Coimbatore,2026-09-23T05:30:00,2026-09-23T05:50:00,IMPOSSIBLE_SPEED_SIGNAL,IMPOSSIBLE_TRAVEL
MOV-000620,AP31BG7827,Chennai,Coimbatore,2026-09-23T05:35:00,2026-09-23T05:55:00,IMPOSSIBLE_SPEED_SIGNAL,IMPOSSIBLE_TRAVEL
